timestamp,open,high,low,close,volume,ema20,ema50,rsi,macd,macd_signal,atr,returns,volume_delta,buy_pressure,sell_pressure,imbalance,cvd,volatility,target
2026-05-12 14:30:00,0.2863,0.2869,0.2841,0.2856,351410.4,0.28612281152253666,0.28509266362482444,49.124178550922956,0.0005164785510232694,0.00038215426294108855,0.002688412113039766,-0.0027932960893853886,-363492.4,0.5172413793103509,0.4482758620689592,0.06896551724139166,-2795.846169999984,0.002799999999999969,0
2026-05-12 14:35:00,0.2856,0.2869,0.2831,0.2867,517680.7,0.28617778185372367,0.2851556964238509,52.38299110034218,0.0004995206512240502,0.0004056275405976809,0.002767811247822638,0.003851540616246485,166270.3,0.9230769230769281,0.05128205128204603,0.8717948717948821,-2226.397399999989,0.00379999999999997,0
2026-05-12 14:40:00,0.2866,0.2868,0.2846,0.285,243761.0,0.286065612153369,0.2851495906817391,47.33654728266916,0.00034492946874631336,0.0003934879262274074,0.002727253301549591,-0.005929543076386601,-273919.7,0.17391304347824327,0.7826086956521913,-0.6086956521739479,-2616.415,0.0021999999999999797,0
2026-05-12 14:45:00,0.2849,0.2862,0.2833,0.2841,285658.7,0.2858784109959053,0.2851084302628474,44.871937097235914,0.00014808532898458182,0.0003444074067788423,0.002739592351438907,-0.0031578947368419152,41897.70000000001,0.2666666666666731,0.6999999999999937,-0.43333333333332064,-2844.9419599999906,0.0029000000000000137,0
2026-05-12 14:50:00,0.2841,0.2845,0.2802,0.2806,371730.0,0.28537570518677147,0.28493162907606906,36.839070667006006,-0.0002870271489368581,0.00021812049563570222,0.00285105004062184,-0.01231960577261526,86071.29999999999,0.09090909090909412,0.8863636363636329,-0.7954545454545388,-4145.996959999991,0.0042999999999999705,0
2026-05-12 14:55:00,0.2807,0.2811,0.2785,0.2804,531221.6,0.28490182850231704,0.2847539181319095,36.437656405245946,-0.0006406106897705599,4.637425855444979e-05,0.0028331178948631367,-0.0007127583749110267,159491.59999999998,0.7037037037036902,0.2592592592592727,0.4444444444444175,-4305.363440000003,0.002599999999999991,0
2026-05-12 15:00:00,0.2804,0.2806,0.2748,0.2751,1776138.9,0.2839683210259059,0.2843753331071287,27.794482029678036,-0.0013331264475204274,-0.00022952588266052568,0.003045038045230058,-0.0189015691868758,1244917.2999999998,0.050847457627122214,0.932203389830505,-0.8813559322033828,-13718.899609999951,0.005800000000000027,1
2026-05-12 15:05:00,0.2751,0.276,0.2734,0.2757,460141.3,0.28318086188058156,0.2840351239656727,29.823902861191456,-0.0018126402013412535,-0.0005461487463966712,0.0030132496134279143,0.0021810250817884125,-1315997.5999999999,0.8518518518518462,0.11111111111111752,0.7407407407407287,-13442.814829999956,0.0026000000000000467,0
2026-05-12 15:10:00,0.2756,0.2776,0.2753,0.277,166866.6,0.28259220836814525,0.28375923675133263,34.14288318162848,-0.0020639670432084367,-0.0008497124057590244,0.002962303212468779,0.0047152702212551745,-293274.69999999995,0.7083333333333407,0.2499999999999931,0.4583333333333476,-13209.201589999953,0.0023000000000000242,1
2026-05-12 15:15:00,0.2771,0.2773,0.2741,0.2742,390305.0,0.28179295042832186,0.2833843647218686,29.877692689703906,-0.002460716368965221,-0.0011719131984002638,0.0029792815544352935,-0.010108303249097617,223438.4,0.030303030303027147,0.9393939393939424,-0.9090909090909153,-14341.086089999959,0.0031999999999999806,1
2026-05-12 15:20:00,0.2741,0.275,0.2728,0.2748,354802.4,0.2811269551494341,0.28304772296806985,31.84254322483308,-0.0026956542581597076,-0.0014766614103521526,0.0029236185862613466,0.002188183807439792,-35502.59999999998,0.8695652173912919,0.08695652173914367,0.7826086956521482,-14092.724409999966,0.0022000000000000353,1
2026-05-12 15:25:00,0.2749,0.2754,0.2734,0.2735,163792.5,0.2804005784685356,0.2826733024595181,29.888415277832294,-0.002952706402022498,-0.0017718704086862218,0.002857645830099822,-0.0047307132459969425,-191009.90000000002,0.04761904761906877,0.9047619047618837,-0.8571428571428149,-14322.033909999958,0.0020000000000000018,1
2026-05-12 15:30:00,0.2736,0.2745,0.272,0.2742,311408.1,0.2798100471858179,0.2823410160885566,32.29769955075457,-0.003064611000182571,-0.0020304185269854917,0.0028320996993784066,0.00255941499085921,147615.59999999998,0.8461538461538377,0.11538461538462394,0.7307692307692137,-14135.18904999996,0.0025000000000000022,2
2026-05-12 15:35:00,0.2743,0.2745,0.2726,0.2726,224860.3,0.2791233760252638,0.2819590154576328,29.77879341070104,-0.0032449965286534543,-0.002273334127319084,0.002765521149422807,-0.005835156819839482,-86547.79999999999,0.0,0.9500000000000004,-0.9500000000000004,-14517.451559999956,0.0019000000000000128,2
2026-05-12 15:40:00,0.2727,0.2759,0.2722,0.2754,267825.4,0.27876876878476253,0.2817017991651766,38.77739333193226,-0.003125982381117498,-0.002443863778078767,0.002832269638749748,0.010271460014673384,42965.100000000035,0.8421052631578939,0.13157894736842182,0.7105263157894721,-13794.32297999996,0.003699999999999981,1
2026-05-12 15:45:00,0.2754,0.2762,0.2751,0.2759,222067.4,0.27849555271002324,0.28147427762928734,40.24984930213941,-0.0029572279079070896,-0.0025465366040444315,0.0027085360931247654,0.0018155410312272746,-45758.00000000003,0.6666666666666451,0.2500000000000208,0.4166666666666243,-13683.28927999996,0.0010999999999999899,1
2026-05-12 15:50:00,0.276,0.2773,0.2753,0.2759,354366.2,0.27824835721383057,0.2812556785065702,40.24984930213941,-0.0027913122618544173,-0.0025954917356064288,0.0026579263721872824,0.0,132298.80000000002,0.2857142857142805,0.6666666666666721,-0.3809523809523916,-13718.725899999976,0.0020000000000000018,1
2026-05-12 15:55:00,0.2759,0.2769,0.2755,0.2762,445362.4,0.2780532755744181,0.28105741660435174,41.233366437332286,-0.002605579920794854,-0.002597509372644114,0.0025680744884596166,0.001087350489307859,90996.20000000001,0.4666666666666657,0.4666666666666657,0.0,-13585.117179999967,0.0013999999999999568,1
2026-05-12 16:00:00,0.2763,0.2781,0.2756,0.277,333907.3,0.2779529636149497,0.2808983022277105,43.885943480477344,-0.0023665522470781575,-0.0025513179475309226,0.0025632120249982153,0.002896451846488235,-111455.10000000003,0.5384615384615428,0.42307692307691885,0.11538461538462391,-13351.382069999956,0.0025000000000000022,1
2026-05-12 16:05:00,0.2772,0.2773,0.2757,0.2764,168360.1,0.27780506231828783,0.2807218982187807,42.34226370907966,-0.0022001738446268404,-0.0024810891269501064,0.0024944111660697705,-0.0021660649819496003,-165547.19999999998,0.4117647058823426,0.5294117647058924,-0.11764705882354975,-13486.07014999996,0.0015999999999999903,1
2026-05-12 16:10:00,0.2764,0.2765,0.2757,0.2764,160501.2,0.27767124685940325,0.2805524120141226,42.34226370907967,-0.0020447471892063307,-0.0023938207394013514,0.0023733817970647887,0.0,-7858.899999999994,0.7777777777777339,0.11111111111115772,0.6666666666665763,-13486.07014999996,0.0008000000000000229,1
2026-05-12 16:15:00,0.2764,0.277,0.276,0.2761,149385.6,0.27752160430136485,0.28037780762141196,41.49586313869537,-0.0019236038302391512,-0.0022997773575689114,0.002275283097274446,-0.0010853835021706892,-11115.600000000006,0.09090909090908082,0.8181818181818283,-0.7272727272727475,-13530.885829999954,0.0010000000000000009,0
2026-05-12 16:20:00,0.2761,0.2768,0.2751,0.2761,352780.4,0.2773862134155206,0.280210050459788,41.49586313869537,-0.0018067695309886278,-0.002201175792252855,0.0022341914474691272,0.0,203394.80000000002,0.5555555555555625,0.38888888888888135,0.16666666666668112,-13530.885829999954,0.0016999999999999793,0
2026-05-12 16:25:00,0.2762,0.2771,0.2751,0.2762,251815.5,0.27727324070928056,0.28005279357901197,41.94449836281146,-0.001686665512704133,-0.0020982737363431105,0.0022174634869356184,0.0003621876131836288,-100964.90000000002,0.5238095238095186,0.42857142857143393,0.09523809523808469,-13530.885829999954,0.0020000000000000018,0
2026-05-12 16:30:00,0.2763,0.2766,0.2753,0.2765,249427.3,0.27719959873696814,0.27991346834061936,43.348047472406606,-0.0015494140395445055,-0.0019885017969833896,0.002151930380725933,0.0010861694424331159,-2388.2000000000116,0.8571428571428674,0.07142857142856236,0.785714285714305,-13481.000369999945,0.0013000000000000234,0
2026-05-12 16:35:00,0.2766,0.2771,0.2753,0.2755,168558.6,0.27703773219059025,0.2797403911507912,39.88647582143119,-0.0015039957737977838,-0.0018916005923462686,0.0021267924963883677,-0.003616636528028905,-80868.69999999998,0.10526315789475314,0.842105263157879,-0.7368421052631259,-13666.414829999943,0.0018000000000000238,0
2026-05-12 16:40:00,0.2755,0.2756,0.2739,0.2742,129162.0,0.2767674719819626,0.2795231209095837,35.87566829908232,-0.001554975813183701,-0.001824275636513755,0.0020963073180749153,-0.00471869328493657,-39396.600000000006,0.16666666666667593,0.7777777777777696,-0.6111111111110936,-13834.325429999946,0.0017000000000000348,1
2026-05-12 16:45:00,0.2743,0.2743,0.27,0.2724,662935.1,0.27635152226939474,0.2792437828346981,31.19783774533427,-0.0017207866609854627,-0.0018035778414080968,0.002253713938212419,-0.006564551422319598,533773.1,0.5454545454545394,0.4318181818181876,0.11363636363635182,-15093.902119999955,0.0042999999999999705,1
2026-05-12 16:50:00,0.2725,0.2735,0.2717,0.2725,209316.3,0.2759847106246905,0.27897932076274917,31.730416597368972,-0.0018231081324997511,-0.0018074838996264277,0.0022213057997686764,0.00036710719530108626,-453618.8,0.4210526315789541,0.5263157894736781,-0.10526315789472396,-15093.902119999955,0.0018000000000000238,1
2026-05-12 16:55:00,0.2726,0.273,0.2714,0.2714,81328.2,0.2755480715175771,0.27868209249754333,29.06519997046891,-0.0019702476542560188,-0.0018400366505523461,0.002176926814070917,-0.004036697247706611,-127988.09999999999,0.0,0.9411764705882368,-0.9411764705882368,-15191.495959999958,0.0016000000000000458,1
2026-05-12 17:00:00,0.2714,0.273,0.2714,0.2726,100166.7,0.2752673028016174,0.27844357906626716,35.436353024911895,-0.0019673484458969104,-0.0018654990096212591,0.0021357177559229975,0.00442151805453217,18838.5,0.7058823529411776,0.2352941176470592,0.4705882352941184,-15071.295919999955,0.0016000000000000458,2
2026-05-12 17:05:00,0.2727,0.273,0.2718,0.2718,34821.0,0.2749370834871776,0.27818304655386455,33.28969933841097,-0.002006474724864593,-0.001893694152669926,0.0020688807733570715,-0.0029347028613353476,-65345.7,0.0,0.9230769230769251,-0.9230769230769251,-15102.634819999956,0.0012000000000000344,2
2026-05-12 17:10:00,0.2718,0.2728,0.2715,0.2728,93392.2,0.274733551726494,0.27797194668900715,38.31955113584096,-0.0019344913283308451,-0.00190185358780211,0.0020139607181172783,0.003679175864606421,58571.2,0.9285714285714269,0.0,0.9285714285714269,-15009.242619999955,0.0012999999999999678,1
2026-05-12 17:15:00,0.2728,0.2744,0.2727,0.2737,99671.5,0.27463511822873266,0.27780441936786965,42.52009501105658,-0.0017842537233162536,-0.0018783336149049389,0.0019915349525374713,0.0032991202346042137,6279.300000000003,0.5555555555555625,0.38888888888888135,0.16666666666668112,-14919.538269999954,0.0016999999999999793,1
2026-05-12 17:20:00,0.2738,0.2746,0.2734,0.274,63470.0,0.2745746307783772,0.2776552264514826,43.89176006418501,-0.001622281198324027,-0.0018271231315887565,0.0019349967416419402,0.001096090610157141,-36201.5,0.4615384615384839,0.4615384615384412,4.268807529683727e-14,-14906.844269999952,0.0012000000000000344,1
2026-05-12 17:25:00,0.2739,0.2742,0.2735,0.2737,50939.0,0.27449133260900793,0.27750011953181664,42.79204602911606,-0.0015008237363122179,-0.001761863252533449,0.0018467826886675142,-0.0010948905109490203,-12531.0,0.24999999999997918,0.6250000000000174,-0.37500000000003825,-14917.032069999952,0.0006999999999999784,1
2026-05-12 17:30:00,0.2738,0.2759,0.2738,0.2759,86939.0,0.27462549140815,0.2774373697462552,52.241987626932826,-0.0012130627762025337,-0.001652103157267266,0.001872012496619833,0.008037997807818664,36000.0,0.9545454545454545,0.0,0.9545454545454545,-14734.460169999953,0.0020999999999999908,1
2026-05-12 17:35:00,0.2758,0.2761,0.275,0.2755,72031.4,0.27470877794070714,0.27736139446208835,50.60520907215782,-0.0010056937872139904,-0.001522821283256611,0.001816868746861273,-0.0014498006524101825,-14907.600000000006,0.4166666666666705,0.4999999999999954,-0.08333333333332488,-14756.06958999995,0.0010999999999999899,1
2026-05-12 17:40:00,0.2754,0.2755,0.2745,0.2748,72346.0,0.2747174657558779,0.27726094762043785,47.783753428799066,-0.0008876047640780649,-0.001395777979420902,0.001758520979228325,-0.002540834845735196,314.6000000000058,0.27272727272724245,0.6363636363636667,-0.3636363636364242,-14799.477189999949,0.0010000000000000009,1
2026-05-12 17:45:00,0.2749,0.2752,0.2744,0.2744,77409.3,0.27468723092198477,0.27714875359610697,46.19866299356838,-0.0008168785520590305,-0.0012799980939485276,0.001690055194997732,-0.0014556040756914523,5063.300000000003,0.0,0.8888888888888917,-0.8888888888888917,-14838.181839999948,0.0008000000000000229,1
2026-05-12 17:50:00,0.2743,0.2753,0.2741,0.2749,27933.1,0.2747074946437005,0.27706056718057337,48.49845590516558,-0.0007122710805106958,-0.0011664526912609613,0.0016550512524978924,0.0018221574344023939,-49476.200000000004,0.6153846153846003,0.3076923076923215,0.30769230769227884,-14821.421979999948,0.0011999999999999789,1
2026-05-12 17:55:00,0.275,0.2763,0.275,0.2759,317441.9,0.2748210665823957,0.2770150547421195,52.84036546085989,-0.0005424245306593356,-0.0010416470591406363,0.0016368333058909008,0.0036376864314295876,289508.80000000005,0.6428571428571265,0.28571428571430046,0.357142857142826,-14535.724269999962,0.0012999999999999678,1
2026-05-12 18:00:00,0.2759,0.2768,0.2756,0.2767,93719.6,0.27500001262216756,0.2770026996541933,56.03377330535544,-0.00033935473199331323,-0.0009011885937111717,0.001605630926898692,0.002899601304820587,-223722.30000000002,0.8461538461538521,0.0769230769230697,0.7692307692307825,-14460.748589999961,0.0011999999999999789,1
2026-05-12 18:05:00,0.2766,0.2773,0.2764,0.2772,191674.0,0.2752095352295802,0.2770104369226563,57.95028601526189,-0.000136501132104061,-0.0007482511013897496,0.0015552287178345005,0.0018070112034693775,97954.4,0.8000000000000134,0.0999999999999878,0.7000000000000256,-14345.744189999963,0.0009000000000000119,1
2026-05-12 18:10:00,0.2772,0.2774,0.2758,0.2768,131194.6,0.27536100806485825,0.27700218449431685,55.852739228836576,-7.923512451712966e-06,-0.0006001855836021423,0.001558426666560607,-0.0014430014430014682,-60479.399999999994,0.588235294117651,0.35294117647058404,0.23529411764706692,-14398.222029999964,0.0015999999999999903,1
2026-05-12 18:15:00,0.2768,0.2773,0.2766,0.2766,61719.6,0.2754790072967765,0.27698641255336326,54.78498257016571,7.69498193266549e-05,-0.0004647585030163829,0.0014971104760919905,-0.0007225433526010239,-69475.0,0.0,0.8749999999999966,-0.8749999999999966,-14410.565949999964,0.0006999999999999784,1
2026-05-12 18:20:00,0.2766,0.2775,0.2762,0.2775,89633.0,0.27567148279232156,0.2770065532375451,58.618773024769766,0.0002143639702147926,-0.0003289340083701478,0.0014830311563711358,0.0032537960954446277,27913.4,0.9285714285714297,0.0,0.9285714285714297,-14329.896249999963,0.0013000000000000234,1
2026-05-12 18:25:00,0.2775,0.2779,0.2764,0.2768,125091.7,0.27577896062162427,0.2769984531105825,54.731682272769824,0.0002637412796546168,-0.00021039895076519489,0.0014842432166303403,-0.0025225225225226078,35458.7,0.25000000000000694,0.6874999999999931,-0.4374999999999862,-14417.460439999968,0.0015000000000000013,1
2026-05-12 18:30:00,0.2767,0.2771,0.2765,0.2771,81360.4,0.2759047738957553,0.27700243534154007,56.07598742079327,0.00032335323115700865,-0.00010364851438075419,0.0014210829868710295,0.0010838150289018689,-43731.3,0.8571428571428549,0.0,0.8571428571428549,-14384.916279999967,0.0005999999999999894,1
2026-05-12 18:35:00,0.2771,0.2784,0.2768,0.2778,222730.5,0.2760852716199691,0.2770337123869699,59.12606852338333,0.0004222132702980663,1.5238425550099228e-06,0.001433862773523098,0.0025261638397688913,141370.1,0.588235294117651,0.35294117647058404,0.23529411764706692,-14229.004929999972,0.0015999999999999903,1
2026-05-12 18:40:00,0.2778,0.2788,0.2774,0.2787,136230.4,0.27633429337044824,0.2770990569992456,62.71128926939024,0.0005666510414735759,0.00011454928233872312,0.0014314440039857345,0.003239740820734305,-86500.1,0.8666666666666751,0.06666666666665877,0.8000000000000164,-14106.39756999997,0.0014000000000000123,1
2026-05-12 18:45:00,0.2787,0.279,0.2773,0.2775,130313.9,0.2764453130494532,0.27711478025417713,55.696411287129884,0.000577630479956126,0.00020716552186220372,0.001450626575129613,-0.0043057050592033574,-5916.5,0.11111111111112756,0.8333333333333179,-0.7222222222221903,-14262.774249999968,0.0017000000000000348,1
2026-05-12 18:50:00,0.2775,0.278,0.2773,0.2778,69618.3,0.2765743308542672,0.2771416516167584,56.99165593165254,0.0006035815445227244,0.0002864487263943079,0.001397010391191786,0.00108108108108107,-60695.59999999999,0.624999999999974,0.25000000000003125,0.37499999999994277,-14241.88875999997,0.0007000000000000339,1
2026-05-12 18:55:00,0.2777,0.2785,0.2772,0.2772,68591.9,0.27663391839195606,0.27714393978865026,53.615533339787916,0.0005691719051429955,0.0003429933621440454,0.0013900810775352315,-0.002159827213822907,-1026.4000000000087,0.0,0.9285714285714297,-0.9285714285714297,-14276.18470999997,0.0013000000000000234,1
2026-05-12 19:00:00,0.2772,0.2782,0.2771,0.2778,98016.0,0.27674497378319834,0.2771696676400757,56.3972054738825,0.0005835897443168259,0.0003911126385786015,0.0013693610005684285,0.0021645021645020357,29424.100000000006,0.5833333333333203,0.3333333333333457,0.24999999999997458,-14217.375109999972,0.0010999999999999899,1
2026-05-12 19:05:00,0.2779,0.2791,0.2776,0.2789,178588.3,0.2769502143752747,0.27723752381105315,61.01331210222596,0.0006759844645320423,0.0004480870037692897,0.0013786923576706836,0.003959683225341903,80572.29999999999,0.8124999999999792,0.12500000000002082,0.6874999999999585,-14038.786809999972,0.0015000000000000013,1
2026-05-12 19:10:00,0.2791,0.2802,0.2781,0.2785,262240.2,0.2770978130062009,0.27728703268120797,58.58448761247629,0.0007087611317714848,0.0005002218293697287,0.001430214332122777,-0.001434205808533373,83651.90000000002,0.1818181818181878,0.7727272727272666,-0.5909090909090788,-14196.13092999997,0.0020999999999999908,1
2026-05-12 19:15:00,0.2784,0.2793,0.2784,0.2789,64766.7,0.2772694498627532,0.2773502863015528,60.286994852256974,0.0007582726387907468,0.0005518319912539324,0.0013923418798282936,0.0014362657091560038,-197473.5,0.49999999999999445,0.4000000000000067,0.09999999999998777,-14163.74757999997,0.0009000000000000119,1
2026-05-12 19:20:00,0.2789,0.279,0.2778,0.2786,75902.5,0.2773961689234434,0.27739929468188407,58.349636194024384,0.0007644907979791893,0.0005943637525989838,0.001378603174126275,-0.001075654356400002,11135.800000000003,0.6153846153846168,0.3076923076923084,0.3076923076923084,-14186.518329999968,0.0012000000000000344,1
2026-05-12 19:25:00,0.2785,0.2787,0.2779,0.278,85850.4,0.2774536766450202,0.27742285175318276,54.57240014423857,0.000712787181411989,0.0006180484383615848,0.0013372743759744,-0.002153625269203152,9947.899999999994,0.11111111111115772,0.7777777777777339,-0.6666666666665763,-14229.443529999968,0.0008000000000000229,1
2026-05-12 19:30:00,0.2781,0.2798,0.2779,0.2798,121047.8,0.2776771360121611,0.27751607325305794,62.42989821527857,0.0008077454626608804,0.000655987843221444,0.0013774690634048008,0.006474820143884674,35197.40000000001,0.9500000000000004,0.0,0.9500000000000004,-14023.66226999997,0.0019000000000000128,1
2026-05-12 19:35:00,0.2799,0.2804,0.2794,0.2796,143006.0,0.2778602659157648,0.2775977958705851,61.16398926989827,0.0008569834840079227,0.0006961869713787397,0.0013505069874473151,-0.0007147962830592602,21958.199999999997,0.1818181818182121,0.727272727272697,-0.5454545454544849,-14066.564069999966,0.0010000000000000009,1
2026-05-12 19:40:00,0.2795,0.2799,0.279,0.2791,79757.1,0.2779783358285491,0.27765670583644453,57.99773652953731,0.0008459080479236158,0.000726131186687715,0.001318327916915361,-0.0017882689556509845,-63248.899999999994,0.09999999999999334,0.8000000000000023,-0.700000000000009,-14098.466909999966,0.0008999999999999564,1
2026-05-12 19:45:00,0.279,0.2802,0.2789,0.2798,71949.9,0.27815182765440155,0.2777407565879565,61.038600823313836,0.0008834311900464131,0.0007575911873594546,0.001317018779992837,0.0025080616266570654,-7807.200000000012,0.6428571428571406,0.28571428571428914,0.35714285714285143,-14040.906989999969,0.0013000000000000234,1
2026-05-12 19:50:00,0.2798,0.281,0.2796,0.28,109936.2,0.27832784406826805,0.27782935436882095,61.88760002305777,0.0009187164872646036,0.0007898162473404845,0.0013229460099933494,0.0007147962830593713,37986.3,0.2666666666666721,0.6666666666666617,-0.39999999999998964,-14018.919749999965,0.0014000000000000123,1
2026-05-12 19:55:00,0.28,0.2808,0.2799,0.2799,45543.2,0.27847757320462346,0.277910556158279,61.16986368187708,0.0009279147516120245,0.0008174359481947926,0.001292735580708111,-0.0003571428571430557,-64393.0,0.0,0.9000000000000011,-0.9000000000000011,-14023.474069999967,0.0009000000000000119,1
2026-05-12 20:00:00,0.28,0.2814,0.2795,0.2814,82330.8,0.2787558995660879,0.27804739709324844,67.2966113387547,0.0010442049615524418,0.0008627897508663224,0.0013361116106575287,0.005359056806002238,36787.600000000006,0.9499999999999991,0.0,0.9499999999999991,-13908.210949999971,0.0018999999999999573,1
2026-05-12 20:05:00,0.2814,0.2814,0.2803,0.2803,89902.6,0.27890295675027,0.2781357344621407,59.84004174673429,0.0010356664655051806,0.0008973650937940941,0.0013192464956105615,-0.003909026297086005,7571.800000000003,0.0,0.916666666666666,-0.916666666666666,-14007.103809999971,0.0010999999999999899,1
2026-05-12 20:10:00,0.2803,0.2804,0.2795,0.2801,64305.6,0.2790169608692919,0.27821276448323323,58.56935553211522,0.0010012198778270864,0.0009181360506006926,0.0012893003173526612,-0.0007135212272564306,-25597.000000000007,0.6000000000000155,0.29999999999998,0.3000000000000355,-14019.96492999997,0.0008999999999999564,1
2026-05-12 20:15:00,0.2801,0.2809,0.2798,0.2805,29934.7,0.2791582026912641,0.2783024599936947,60.38136562049772,0.0009947307293291519,0.0009334549863463846,0.0012757788661131846,0.001428061406640424,-34370.899999999994,0.5833333333333665,0.3333333333332994,0.25000000000006706,-14007.99104999997,0.0010999999999999899,1
2026-05-12 20:20:00,0.2805,0.2805,0.2794,0.2795,85893.7,0.27919075481590566,0.27834942234688315,54.020421467758425,0.0008985385961261527,0.0009264717083023382,0.0012632232328193892,-0.0035650623885917776,55959.0,0.08333333333336726,0.8333333333333025,-0.7499999999999353,-14093.88474999997,0.0011000000000000454,1
2026-05-12 20:25:00,0.2796,0.2799,0.2791,0.2798,66970.0,0.2792487781667718,0.2784063077450446,55.53382371680529,0.0008368662570510943,0.0009085506180520895,0.0012301358590465733,0.0010733452593916226,-18923.699999999997,0.7777777777777819,0.11111111111110289,0.666666666666679,-14080.490749999972,0.0007999999999999674,1
2026-05-12 20:30:00,0.2798,0.2806,0.2789,0.2793,106499.8,0.27925365643660305,0.2784413545001409,52.43602911978447,0.0007391244955871623,0.0008746653935591041,0.0012636975834003918,-0.0017869907076483171,39529.8,0.2222222222222243,0.7222222222222212,-0.4999999999999969,-14133.740649999972,0.0017000000000000348,1
2026-05-12 20:35:00,0.2792,0.2794,0.2778,0.278,77018.1,0.279134260585498,0.27842404648052754,45.35243481990079,0.0005504194175674493,0.0008098161983607732,0.0012877191845860774,-0.0046544933762977525,-29481.699999999997,0.11764705882354977,0.8235294117646852,-0.7058823529411354,-14226.16236999997,0.0015999999999999903,1
2026-05-12 20:40:00,0.2779,0.2782,0.2776,0.2782,58161.6,0.2790452833868792,0.2784152603440363,46.548770107793636,0.000412255388719307,0.0007303040364324801,0.001238596385687071,0.0007194244604316058,-18856.500000000007,0.8571428571428549,0.0,0.8571428571428549,-14208.71388999997,0.0005999999999999894,1
2026-05-12 20:45:00,0.2783,0.2786,0.2779,0.2785,44353.6,0.27899335163574784,0.2784185834677996,48.37444227761224,0.00032324077479306546,0.0006488913841045972,0.0012001252152808541,0.0010783608914450848,-13808.0,0.7500000000000243,0.12499999999998092,0.6250000000000434,-14199.84316999997,0.0007000000000000339,1
2026-05-12 20:50:00,0.2786,0.2799,0.2782,0.2797,66006.5,0.27906065147996234,0.2784688350965133,54.996009491461336,0.00034554282057969177,0.0005882216713996161,0.001235830557046506,0.0043087971274684556,21652.9,0.8333333333333436,0.11111111111110016,0.7222222222222434,-14127.23601999997,0.0016999999999999793,1
2026-05-12 20:55:00,0.2798,0.2804,0.2795,0.2804,61328.8,0.2791882084818707,0.2785445670535128,58.35179218871337,0.0004149185792948207,0.0005535610529786571,0.0012118426601146095,0.0025026814444046863,-4677.699999999997,0.8999999999999956,0.0,0.8999999999999956,-14090.43873999997,0.0008999999999999564,1
2026-05-12 21:00:00,0.2803,0.2819,0.2803,0.2811,130063.4,0.2793702838645497,0.2786447801102378,61.44763244512681,0.0005203848451907356,0.0005469258114210729,0.0012395681843921367,0.0024964336661912334,68734.59999999999,0.4705882352941338,0.47058823529410115,3.26405569239796e-14,-13986.388019999968,0.0015999999999999903,1
2026-05-12 21:05:00,0.2811,0.2812,0.2805,0.2807,61400.8,0.27949692349649735,0.27872537696865984,58.75975870790063,0.0005651759669589307,0.0005505758425286445,0.0012010275997926968,-0.0014229811454998798,-68662.59999999999,0.24999999999997918,0.6250000000000174,-0.37500000000003825,-14010.948339999968,0.0006999999999999784,1
2026-05-12 21:10:00,0.2807,0.2809,0.2803,0.2807,36480.6,0.27961150221111664,0.27880281316596733,58.75975870790064,0.0005938279744187591,0.0005592262689066675,0.0011580970569503603,0.0,-24920.200000000004,0.5714285714285964,0.28571428571425855,0.2857142857143378,-14010.948339999968,0.0005999999999999894,1
2026-05-12 21:15:00,0.2807,0.2815,0.2805,0.2809,24095.3,0.2797342162862484,0.2788850557869098,59.77995933464863,0.0006254632740021471,0.0005724736699257634,0.0011468044100253307,0.0007125044531528513,-12385.3,0.3636363636363416,0.545454545454563,-0.18181818181822135,-14006.129279999968,0.0009999999999999454,1
2026-05-12 21:20:00,0.281,0.2824,0.2809,0.2823,21917.1,0.279978576639939,0.2790189751678153,66.10155713194587,0.0007548018902113762,0.000608939313982886,0.0011720326664520929,0.0049839800640798515,-2178.2000000000007,0.875000000000007,0.06249999999999306,0.812500000000014,-13977.637049999968,0.0015000000000000013,0
2026-05-12 21:25:00,0.2824,0.2831,0.2822,0.2824,68984.7,0.2802091883885163,0.2791515643769206,66.50650716910096,0.0008555110409141919,0.0006582536593691472,0.0011526017617055158,0.00035423308537008147,47067.6,0.1999999999999756,0.7000000000000256,-0.50000000000005,-13977.637049999968,0.0009000000000000119,0
2026-05-12 21:30:00,0.2825,0.283,0.2819,0.282,26497.4,0.2803797418753242,0.27926326773468846,63.25160514967288,0.0008927559761837678,0.0007051541227320714,0.001148844493012264,-0.0014164305949009304,-42487.299999999996,0.08333333333332485,0.833333333333341,-0.7500000000000162,-13990.885749999969,0.0010999999999999899,1
2026-05-12 21:35:00,0.2821,0.2826,0.2817,0.2819,31871.8,0.2805245283633886,0.2793666689999948,62.42901228924717,0.0009037854157689096,0.000744880381339439,0.0011310698863685315,-0.00035460992907798694,5374.399999999998,0.1999999999999756,0.7000000000000256,-0.50000000000005,-13997.26010999997,0.0009000000000000119,0
2026-05-12 21:40:00,0.2819,0.2821,0.2814,0.2815,42017.9,0.28061743042401827,0.2794503290392107,59.11715521311494,0.0008702183337827574,0.0007699479718281028,0.001100279180199353,-0.0014189428875488463,10146.100000000002,0.12499999999998092,0.7500000000000243,-0.6250000000000434,-14014.06726999997,0.0007000000000000339,0
2026-05-12 21:45:00,0.2815,0.2815,0.2793,0.2793,68155.2,0.28049196085982603,0.27944443378277106,44.98272622622292,0.000658503744377259,0.0007476591263379341,0.0011788306673279694,-0.007815275310834702,26137.299999999996,0.0,0.9565217391304345,-0.9565217391304345,-14164.00870999997,0.0021999999999999797,1
2026-05-12 21:50:00,0.2792,0.2792,0.2782,0.279,52252.5,0.2803498693493664,0.27942700500697615,43.45689434640929,0.00046119455046267355,0.000690366211162882,0.0011731999053759708,-0.0010741138560685926,-15902.699999999997,0.7272727272727475,0.18181818181816164,0.5454545454545858,-14174.459209999968,0.0010000000000000009,1
2026-05-12 21:55:00,0.2791,0.2799,0.279,0.2791,23817.3,0.28023083417323624,0.27941418128121237,44.13711173012215,0.0003093290047977981,0.0006141587698898652,0.0011536856264205413,0.00035842293906807043,-28435.2,0.09999999999999334,0.8000000000000023,-0.700000000000009,-14174.459209999968,0.0008999999999999564,1
2026-05-12 22:00:00,0.2792,0.2803,0.2792,0.2795,33981.5,0.2801612309186423,0.2794175467211648,46.88940018834686,0.0002187297424700585,0.0005350729644059039,0.0011569937959619299,0.0014331780723755294,10164.2,0.2500000000000208,0.6666666666666451,-0.4166666666666243,-14164.264759999967,0.0010999999999999899,1
2026-05-12 22:05:00,0.2795,0.2798,0.2776,0.2777,408490.3,0.2799268279740097,0.2793501919477858,37.851780315476574,1.665024207953003e-06,0.00042839137636631374,0.0012314942391075047,-0.006440071556350735,374508.8,0.04347826086956082,0.9130434782608736,-0.8695652173913128,-14899.547299999977,0.0021999999999999797,1
2026-05-12 22:10:00,0.2777,0.2782,0.2774,0.2782,81139.9,0.27976236816696115,0.279305086381206,41.23979200781801,-0.00012853286074621106,0.0003170065289438088,0.001200673222028399,0.001800504141159509,-327350.4,0.8888888888888917,0.0,0.8888888888888917,-14858.977349999977,0.0008000000000000229,1
2026-05-12 22:15:00,0.2783,0.2794,0.2783,0.2794,9578.4,0.27972785691296487,0.2793088084839038,48.49663516507112,-0.00013334849299523333,0.00022693552455600038,0.0012006251347406545,0.004313443565779895,-71561.5,0.916666666666666,0.0,0.916666666666666,-14848.441109999978,0.0010999999999999899,1
2026-05-12 22:20:00,0.2794,0.2796,0.279,0.2794,20674.4,0.27969663244506343,0.27931238462179,48.49663516507111,-0.00013560178329868888,0.00015442806298506252,0.0011577233394020356,0.0,11096.000000000002,0.5714285714285171,0.2857142857143378,0.2857142857141793,-14848.441109999978,0.0005999999999999894,1
2026-05-12 22:25:00,0.2794,0.2797,0.279,0.279,28798.1,0.27963028649791455,0.27930013424446487,46.28675239929459,-0.00016773069412562291,8.999631156292544e-05,0.0011250288151590318,-0.0014316392269146938,8123.699999999997,0.0,0.8749999999999966,-0.8749999999999966,-14859.960349999978,0.0006999999999999784,1
2026-05-12 22:30:00,0.279,0.2792,0.2784,0.2786,49737.0,0.27953216397430364,0.2792726779995839,44.12157579307602,-0.00022290028871507772,2.741699150732481e-05,0.0011018124712191026,-0.0014336917562723928,20938.9,0.22222222222225377,0.6666666666666379,-0.44444444444438413,-14879.855149999978,0.0008000000000000229,1
2026-05-12 22:35:00,0.2785,0.2785,0.2776,0.2781,104075.2,0.27939576740532235,0.2792266906270512,41.507841355323976,-0.0003034701957158048,-3.876044593730111e-05,0.0010945401518463096,-0.001794687724335997,54338.2,0.49999999999999445,0.4000000000000067,0.09999999999998777,-14921.485229999978,0.0009000000000000119,1
2026-05-12 22:40:00,0.2782,0.2784,0.2775,0.2776,78672.5,0.2792247419381488,0.2791628988377551,39.018601057373,-0.0004030224568050689,-0.00011161284811085467,0.0010806444267144272,-0.001797914419273683,-25402.699999999997,0.09999999999999334,0.8000000000000023,-0.700000000000009,-14968.688729999978,0.0008999999999999564,1
2026-05-12 22:45:00,0.2776,0.2776,0.2766,0.277,157705.2,0.2790128617535632,0.27907807927549017,36.21215334535546,-0.0005242896419113685,-0.00019414820687095746,0.0010748841105205395,-0.002161383285302576,79032.70000000001,0.36363636363637375,0.5454545454545354,-0.18181818181816167,-15063.311849999976,0.0010000000000000009,1
2026-05-12 22:50:00,0.2771,0.2776,0.2768,0.2776,16752.1,0.2788783034913191,0.2790201153823337,40.79787058324931,-0.0005654614861752005,-0.0002684108627318061,0.0010552495311976454,0.0021660649819494893,-140953.1,0.8888888888888917,0.0,0.8888888888888917,-15054.935799999976,0.0008000000000000229,1
2026-05-12 22:55:00,0.2774,0.2779,0.2774,0.2775,8272.9,0.2787470364921458,0.278960503014399,40.27814721031418,-0.0005992518315536821,-0.0003345790564961813,0.0010155888503978136,-0.00036023054755041084,-8479.199999999999,0.16666666666674068,0.6666666666665927,-0.499999999999852,-15054.108509999975,0.0005000000000000004,1
2026-05-12 23:00:00,0.2776,0.2778,0.2768,0.2768,60350.6,0.2785616044452748,0.27887577740599123,36.749050215080096,-0.0006747371240120037,-0.00040261066999934585,0.0010144753610836841,-0.0025225225225226078,52077.7,0.0,0.9090909090909092,-0.9090909090909092,-15102.388989999976,0.0010000000000000009,1
2026-05-12 23:05:00,0.2767,0.2767,0.2763,0.2763,35298.4,0.2783462135457248,0.2787747665273249,34.4286106843245,-0.0007660747505932042,-0.00047530348611811755,0.0009777271210062782,-0.0018063583815028927,-25052.199999999997,0.0,0.8000000000000045,-0.8000000000000045,-15116.508349999976,0.00040000000000001146,1
2026-05-12 23:10:00,0.2763,0.2773,0.2761,0.2769,24258.1,0.2782084789223224,0.2787012462713514,39.375563632148676,-0.0007810421246884358,-0.0005364512138321812,0.0009936037552201141,0.0021715526601520097,-11040.300000000003,0.6153846153846003,0.3076923076923215,0.30769230769227884,-15101.953489999976,0.0011999999999999789,1
2026-05-12 23:15:00,0.277,0.2774,0.277,0.2774,13248.8,0.2781314809297203,0.2786502170058082,43.2199133014743,-0.0007439818949945831,-0.0005779573500646616,0.0009583463441329631,0.0018057060310581186,-11009.3,0.7999999999999823,0.0,0.7999999999999823,-15096.653969999978,0.00039999999999995595,1
2026-05-12 23:20:00,0.2774,0.279,0.2774,0.2782,129001.9,0.2781380065554612,0.27863256143695303,48.81286022188289,-0.0006426500125279455,-0.0005908958825573185,0.001004178748123469,0.002883922134102379,115753.09999999999,0.4705882352941184,0.4705882352941184,0.0,-14993.452449999975,0.0016000000000000458,1
2026-05-12 23:25:00,0.2782,0.2785,0.278,0.2781,32384.6,0.27813438688351255,0.2786116766747196,48.174078096441086,-0.0005639124976321019,-0.0005854992055722752,0.0009681659804003642,-0.00035945363048162093,-96617.29999999999,0.16666666666664817,0.6666666666666852,-0.500000000000037,-14996.690909999976,0.0005000000000000004,1
2026-05-12 23:30:00,0.2781,0.2782,0.2774,0.2776,49917.2,0.2780834928946066,0.27857200307963254,45.002947378222046,-0.0005356832480968299,-0.0005755360140771861,0.0009561541246574828,-0.001797914419273683,17532.6,0.22222222222225377,0.6666666666666379,-0.44444444444438413,-15021.649509999976,0.0008000000000000229,1
2026-05-12 23:35:00,0.2775,0.2776,0.2767,0.2769,20126.9,0.27797077928559644,0.27850643433141165,40.93982899971471,-0.0005633021181407627,-0.0005730892348899014,0.0009521431157533776,-0.002521613832853098,-29790.299999999996,0.1999999999999756,0.7000000000000256,-0.50000000000005,-15033.725649999977,0.0009000000000000119,1
2026-05-12 23:40:00,0.2769,0.2774,0.2766,0.2772,33435.3,0.27789737173458723,0.2784552016125328,43.30243249699591,-0.0005545898126977922,-0.0005693893504514796,0.0009412757503424197,0.0010834236186350044,13308.400000000001,0.6666666666666791,0.22222222222220578,0.4444444444444733,-15023.695059999976,0.0007999999999999674,1
2026-05-12 23:45:00,0.2771,0.2776,0.2771,0.2774,69413.5,0.27785000299795987,0.27841382115713936,44.88534411592863,-0.0005254894045849112,-0.0005606093612781659,0.0009097560538893898,0.0007215007215006786,35978.2,0.49999999999994454,0.3333333333333889,0.16666666666655566,-15002.871009999979,0.0005000000000000004,2
2026-05-12 23:50:00,0.2775,0.2775,0.2766,0.2767,38014.3,0.2777404789029161,0.27834661248431036,40.61171973503312,-0.0005525419121365505,-0.0005589958714498428,0.0009090591928972914,-0.0025234318673394984,-31399.199999999997,0.0999999999999878,0.8000000000000134,-0.7000000000000256,-15033.28244999998,0.0009000000000000119,2
2026-05-12 23:55:00,0.2767,0.2768,0.2763,0.2763,35181.8,0.2776032904359717,0.27826635317120013,38.3639014943181,-0.0005993489546669006,-0.0005670664880932544,0.0008798406791189135,-0.0014456089627755686,-2832.5,0.0,0.8333333333333334,-0.8333333333333334,-15047.35516999998,0.0005000000000000004,2
2026-05-13 00:00:00,0.2762,0.2768,0.2757,0.2768,96140.2,0.2775267865849268,0.2782088491252707,42.637855885569124,-0.0005893049115819338,-0.0005715141727909902,0.0008955663448961331,0.0018096272167933414,60958.399999999994,0.916666666666666,0.0,0.916666666666666,-14989.671049999983,0.0010999999999999899,2
2026-05-13 00:05:00,0.2769,0.278,0.2769,0.2774,85109.0,0.27751471167207664,0.2781771295517307,47.355385369313446,-0.0005268566737053337,-0.000562582672973859,0.0009173116059749833,0.0021676300578035157,-11031.199999999997,0.41666666666665125,0.5000000000000185,-0.08333333333336729,-14947.116549999982,0.0011000000000000454,2
2026-05-13 00:10:00,0.2774,0.2785,0.2774,0.2783,70180.4,0.27758950103664076,0.2781819480006824,53.529096507761075,-0.0004001310551557946,-0.0005300923494102462,0.0009303607769767735,0.0032444124008652597,-14928.600000000006,0.7499999999999816,0.16666666666668825,0.5833333333332933,-14883.954189999982,0.0011000000000000454,2
2026-05-13 00:15:00,0.2784,0.2807,0.2784,0.2804,39552.7,0.27785716760457974,0.2782689304320282,64.10632242562357,-0.00012876333629041614,-0.0004498265467862802,0.0010353350071927192,0.007545813869924478,-30627.699999999997,0.8333333333333257,0.1250000000000081,0.7083333333333176,-14804.848789999982,0.0023000000000000242,1
2026-05-13 00:20:00,0.2804,0.2809,0.2794,0.2808,205582.0,0.2781374373565245,0.27836818806214475,65.70741438274968,0.00011722292021426606,-0.000336416653386171,0.0010685253638218106,0.0014265335235379428,166029.3,0.875000000000007,0.06249999999999306,0.812500000000014,-14722.61598999998,0.0015000000000000013,1
2026-05-13 00:25:00,0.2807,0.2816,0.2805,0.2806,161925.4,0.2783719671320936,0.2784557100989234,64.16621291367164,0.000292656905564459,-0.00021060194159604502,0.001070773552120252,-0.0007122507122506727,-43656.600000000006,0.08333333333332485,0.833333333333341,-0.7500000000000162,-14738.808529999978,0.0010999999999999899,1
2026-05-13 00:30:00,0.2806,0.2816,0.2806,0.2815,126692.8,0.27866987502427515,0.2785750940166127,67.8236662329852,0.0004985649350489063,-6.876856626705476e-05,0.001065718298397377,0.0032074126870988984,-35232.59999999999,0.8181818181817778,0.09090909090913128,0.7272727272726466,-14624.785009999983,0.0010000000000000009,1
2026-05-13 00:35:00,0.2817,0.2829,0.2817,0.2822,213752.4,0.2790060774029156,0.2787172471924318,70.35783867285413,0.0007100476939322364,8.69946857728035e-05,0.0010895955627975651,0.002486678507993112,87059.59999999999,0.3846153846153912,0.5384615384615306,-0.15384615384613937,-14517.908809999983,0.0011999999999999789,1
2026-05-13 00:40:00,0.2822,0.2828,0.2813,0.2813,154799.4,0.2792245462216856,0.278818531616258,63.4396911594248,0.000795852730733293,0.0002287662947649014,0.0011189101654548819,-0.003189227498228253,-58953.0,0.0,0.9375,-0.9375,-14657.228269999985,0.0015000000000000013,1
2026-05-13 00:45:00,0.2814,0.2817,0.2807,0.2811,58932.7,0.2794031608672393,0.2789080009646401,61.981181372964286,0.0008380549364238044,0.000350624023096682,0.0011104165822081046,-0.0007109847138285774,-95866.7,0.36363636363637375,0.5454545454545354,-0.18181818181816167,-14674.908079999983,0.0010000000000000009,1
2026-05-13 00:50:00,0.2811,0.2811,0.2798,0.2799,47767.1,0.27945047887988317,0.2789469028875954,53.96453606334793,0.000765842363259106,0.00043366769112916686,0.0011239582549075274,-0.004268943436499639,-11165.599999999999,0.07142857142856236,0.8571428571428674,-0.785714285714305,-14732.228599999984,0.0013000000000000234,2
2026-05-13 00:55:00,0.2798,0.2812,0.2795,0.2799,108917.0,0.2794932904151324,0.27898427924494457,53.96453606334793,0.00070053801262282,0.0004870417554278975,0.0011651040938427026,0.0,61149.9,0.2222222222222003,0.7222222222222435,-0.5000000000000432,-14721.336899999986,0.0016999999999999793,2
2026-05-13 01:00:00,0.28,0.2817,0.28,0.2816,133880.4,0.279693929423215,0.27908685652945653,62.0327744823059,0.000777002831781004,0.0005450339706985188,0.0012104538014253683,0.006073597713469159,24963.399999999994,0.8888888888888937,0.05555555555555008,0.8333333333333437,-14507.128259999987,0.0016999999999999793,2
2026-05-13 01:05:00,0.2815,0.282,0.2809,0.2818,54457.0,0.279894507573385,0.2791932543126151,62.85752537075522,0.0008440108487080544,0.000604829346300426,0.0012025642441806984,0.0007102272727272929,-79423.4,0.7500000000000162,0.1666666666666497,0.5833333333333666,-14490.791159999986,0.0010999999999999899,2
2026-05-13 01:10:00,0.2818,0.2829,0.2816,0.2826,168570.6,0.2801521735187769,0.27932685218270864,66.03572353296094,0.0009507093138365064,0.0006740053398076422,0.001209523941024932,0.002838892831795725,114113.6,0.7142857142857313,0.2142857142856956,0.5000000000000357,-14355.934679999982,0.0012999999999999678,2
2026-05-13 01:15:00,0.2826,0.2832,0.2822,0.2831,71875.8,0.28043291889794103,0.2794748187637789,67.885325836149,0.001063356723109976,0.000751875616468109,0.0011945579452374369,0.0017692852087756172,-96694.8,0.8181818181818283,0.09090909090908082,0.7272727272727475,-14319.996779999981,0.0010000000000000009,2
2026-05-13 01:20:00,0.2832,0.2849,0.2829,0.2834,168131.2,0.2807154980505181,0.2796287474397091,68.97695795510833,0.0011634268389440483,0.000834185860963297,0.0012520895205776201,0.0010596962204167948,96255.40000000001,0.23809523809523814,0.7142857142857144,-0.4761904761904763,-14286.370539999985,0.0020000000000000018,1
2026-05-13 01:25:00,0.2833,0.2844,0.2829,0.2843,180165.6,0.281056879188564,0.2798119338146225,72.0467632207399,0.0013003657976295435,0.0009274218482965463,0.001269797411964933,0.00317572335920957,12034.399999999994,0.875000000000007,0.06249999999999306,0.812500000000014,-14106.204939999985,0.0015000000000000013,1
2026-05-13 01:30:00,0.2843,0.2853,0.2841,0.2848,235547.9,0.2814133668848912,0.28000754425326474,73.6091617057295,0.001432721212011323,0.0010284817210395017,0.0012648118825388647,0.0017587055926837625,55382.29999999999,0.5384615384615306,0.3846153846153912,0.15384615384613937,-13988.430989999984,0.0011999999999999789,1
2026-05-13 01:35:00,0.2849,0.2879,0.2847,0.2879,222850.9,0.28203114146728253,0.2803170523217642,80.78143747763372,0.001767384614025369,0.0011762622996366752,0.0014030396052146586,0.010884831460674205,-12697.0,0.9696969696969696,0.0,0.9696969696969696,-13319.878289999984,0.0031999999999999806,1
2026-05-13 01:40:00,0.2879,0.2889,0.2871,0.2877,285166.1,0.2825710327561128,0.280606579681695,79.28435990757394,0.0019934897339619617,0.0013397077865017325,0.0014313939191278949,-0.0006946856547411784,62315.19999999998,0.31578947368421023,0.6315789473684205,-0.31578947368421023,-13376.911509999978,0.0017999999999999683,1
2026-05-13 01:45:00,0.2879,0.2884,0.2867,0.2881,236765.5,0.28309760106505444,0.2809004393020207,80.07950702235652,0.002179828620134938,0.0015077319532283736,0.0014505800677616153,0.0013903371567605127,-48400.59999999998,0.7777777777777936,0.16666666666665023,0.6111111111111434,-13329.55840999997,0.0016999999999999793,1
2026-05-13 01:50:00,0.2882,0.2883,0.2853,0.2853,269844.6,0.2833073533445731,0.2810729710940983,62.108163643710974,0.0020776174498131073,0.0016217090525453203,0.0015612529200643571,-0.009718847622353421,33079.09999999998,0.0,0.967741935483871,-0.967741935483871,-14112.107749999974,0.0030000000000000027,1
2026-05-13 01:55:00,0.2853,0.2858,0.2844,0.2852,194736.8,0.2834876054069947,0.28123481536491796,61.576665234676824,0.0019658837129533646,0.0016905439846269293,0.0015497348543454753,-0.000350508236943492,-75107.79999999999,0.5333333333333442,0.39999999999998964,0.13333333333335456,-14131.581429999971,0.0014000000000000123,1
2026-05-13 02:00:00,0.2852,0.286,0.2841,0.2853,184754.3,0.2836602144158523,0.2813942343702153,61.927537412264726,0.0018639170107077052,0.0017252185898430847,0.0015747537933207955,0.0003506311360448322,-9982.5,0.6000000000000023,0.3499999999999967,0.2500000000000056,-14113.105999999972,0.0018999999999999573,1
2026-05-13 02:05:00,0.2852,0.2861,0.2848,0.2861,250925.7,0.2838925749476759,0.2815787741988343,64.70436874732528,0.0018266050130997802,0.0017454958744944238,0.0015551285223693119,0.002804065895548602,66171.40000000002,0.9285714285714297,0.0,0.9285714285714297,-13887.27286999997,0.0013000000000000234,1
2026-05-13 02:10:00,0.286,0.2871,0.2857,0.2866,244950.9,0.28415042495265913,0.2817756850145663,66.35599190080791,0.001816441994881568,0.0017596850985718527,0.0015440479136286478,0.001747640685075158,-5974.8000000000175,0.600000000000003,0.3333333333333309,0.2666666666666721,-13740.302329999959,0.0014000000000000123,1
2026-05-13 02:15:00,0.2866,0.2871,0.2855,0.286,144904.5,0.2843265749571678,0.2819413444257598,62.57211685760788,0.0017399160746834896,0.0017557312937941801,0.0015480444912266047,-0.002093510118632347,-100046.4,0.2941176470588159,0.647058823529421,-0.35294117647060513,-13827.245029999965,0.0016000000000000458,1
2026-05-13 02:20:00,0.2861,0.2887,0.2861,0.288,164415.0,0.28467642496124707,0.2821789387620045,68.93180830309828,0.0018196759255290629,0.0017685202201411568,0.001630327027567564,0.006993006993007089,19510.5,0.7037037037036902,0.2592592592592727,0.4444444444444175,-13514.856529999972,0.002599999999999991,1
2026-05-13 02:25:00,0.2879,0.2879,0.2855,0.2856,168818.4,0.28476438448874736,0.2823130980262396,56.52061385265762,0.0016699757981228358,0.0017488113357374928,0.0016924465255984526,-0.008333333333333193,4403.399999999994,0.04000000000001759,0.9199999999999827,-0.8799999999999651,-13903.138849999967,0.0024000000000000132,1
2026-05-13 02:30:00,0.2855,0.2863,0.2844,0.2857,236123.6,0.28485349072791427,0.28244591771148514,56.86907640084584,0.0015416355182675812,0.0017073761722435105,0.0017072717737699925,0.0003501400560224077,67305.20000000001,0.6500000000000076,0.29999999999999283,0.35000000000001474,-13855.91412999996,0.0019000000000000128,1
2026-05-13 02:35:00,0.2858,0.2861,0.2853,0.2854,140795.2,0.28490553923001766,0.28256176407574063,55.43374282250018,0.001399583897090162,0.001645817717212841,0.0016424666470721376,-0.0010500525026252427,-95328.4,0.11111111111109603,0.7777777777777957,-0.6666666666666996,-13912.23220999996,0.0008000000000000229,1
2026-05-13 02:40:00,0.2853,0.2861,0.2849,0.286,118667.6,0.2850097735890636,0.28269659685708415,57.73152034127288,0.0013202034657164852,0.00158069486691357,0.0016108618865669875,0.0021023125437982237,-22127.600000000006,0.846153846153816,0.07692307692310911,0.7692307692307069,-13829.164889999962,0.0012000000000000344,1
2026-05-13 02:45:00,0.2861,0.287,0.2855,0.2866,262605.9,0.2851612237234385,0.2828496714901397,59.955007928394046,0.0012908290141762646,0.001522721696366109,0.0016029431803836313,0.002097902097902171,143938.30000000002,0.6875000000000278,0.24999999999997224,0.4375000000000555,-13697.861939999962,0.0015000000000000013,0
2026-05-13 02:50:00,0.2866,0.2869,0.2853,0.2853,457494.9,0.28517444051168245,0.2829457628042519,53.400498685539624,0.0011494008368820308,0.0014480575244692935,0.0016027329532133712,-0.004535938590369937,194889.0,0.0,0.941176470588235,-0.941176470588235,-14292.605309999974,0.0015999999999999903,1
2026-05-13 02:55:00,0.2853,0.2861,0.2852,0.2857,87537.1,0.2852244937962841,0.28305377210604593,55.029580793421374,0.001057405531744049,0.0013699271259242447,0.00155253774226956,0.001402032947774412,-369957.80000000005,0.49999999999999445,0.4000000000000067,0.09999999999998777,-14257.590469999972,0.0009000000000000119,1
2026-05-13 03:00:00,0.2857,0.2865,0.2852,0.2855,137547.8,0.2852507324823523,0.2831497026116912,54.0128327454848,0.000957324816530547,0.0012874066640455053,0.001534499332107446,-0.0007000350017501988,50010.69999999998,0.2142857142856956,0.7142857142857313,-0.5000000000000357,-14285.100029999976,0.0012999999999999678,1
2026-05-13 03:05:00,0.2855,0.2858,0.2841,0.2842,126423.4,0.28515066272212825,0.28319089074456605,47.82712423197248,0.0007643006115453099,0.0011827854535454662,0.001546320808385484,-0.004553415061295807,-11124.399999999994,0.05555555555555008,0.8888888888888937,-0.8333333333333437,-14449.450449999971,0.0016999999999999793,1
2026-05-13 03:10:00,0.2843,0.2848,0.2836,0.2837,45584.9,0.28501250436763986,0.2832108558134066,45.66116242133645,0.0005644748029495217,0.0010591233234262772,0.0015215836077865194,-0.0017593244194229474,-80838.5,0.0769230769230697,0.8461538461538521,-0.7692307692307825,-14476.801389999971,0.0011999999999999789,1
2026-05-13 03:15:00,0.2838,0.2846,0.2835,0.2836,88973.5,0.2848779801421504,0.2832261163697436,45.22007720159429,0.00039350615173688874,0.0009259998890883996,0.0014914704929446284,-0.0003524850193866724,43388.6,0.08333333333336726,0.8333333333333025,-0.7499999999999353,-14494.59608999997,0.0011000000000000454,1
2026-05-13 03:20:00,0.2837,0.285,0.2837,0.2848,31488.5,0.28487055346194556,0.2832878372964203,51.29965610553384,0.0003507984489151683,0.0008109596010537534,0.0014849368863057231,0.004231311706629048,-57485.0,0.7857142857142965,0.1428571428571304,0.6428571428571661,-14459.958739999971,0.0012999999999999678,1
2026-05-13 03:25:00,0.2848,0.2856,0.2845,0.2845,94200.6,0.284835262656046,0.2833353730887176,49.811307325905446,0.0002894086709332444,0.0007066494150296517,0.0014574413944267461,-0.001053370786516905,62712.100000000006,0.0,0.9166666666666697,-0.9166666666666697,-14488.218919999974,0.0011000000000000454,1
2026-05-13 03:30:00,0.2844,0.2857,0.2844,0.2851,141212.2,0.28486047573642254,0.283404574144062,52.76310306410327,0.0002858764098827016,0.0006224948140002616,0.001446195580539123,0.002108963093146121,47011.600000000006,0.5000000000000159,0.42857142857141384,0.07142857142860204,-14389.37037999997,0.0013000000000000234,1
2026-05-13 03:35:00,0.285,0.2866,0.2849,0.2862,150197.2,0.28498804947581086,0.2835141986874321,57.677577240260135,0.0003676004058130733,0.000571515932362824,0.0014643244676434738,0.0038582953349701743,8985.0,0.7222222222222212,0.2222222222222243,0.4999999999999969,-14209.133739999965,0.0017000000000000348,1
2026-05-13 03:40:00,0.2863,0.2874,0.2859,0.286,166567.5,0.28508442571620984,0.28361168109184653,56.52607049420678,0.00041148558318515605,0.0005395098625272904,0.0014668727199546544,-0.0006988120195668968,16370.299999999988,0.06249999999999306,0.875000000000007,-0.812500000000014,-14259.103989999969,0.0015000000000000013,1
2026-05-13 03:45:00,0.2859,0.2859,0.2851,0.2855,148132.9,0.28512400421942796,0.28368573281373494,53.64273560848845,0.00040129322262838496,0.0005118665345475094,0.0014263818113864617,-0.0017482517482517723,-18434.600000000006,0.44444444444441156,0.44444444444447323,-6.167288901792745e-14,-14318.35714999997,0.0007999999999999674,1
2026-05-13 03:50:00,0.2855,0.2861,0.285,0.2861,64619.1,0.28521695619853005,0.28378040995829434,56.509590536242285,0.00043659786068078743,0.000496812799774165,0.0014030688248588606,0.0021015761821367995,-83513.79999999999,0.9166666666666697,0.0,0.9166666666666697,-14279.585689999967,0.0011000000000000454,1
2026-05-13 03:55:00,0.2862,0.2864,0.2858,0.2858,97727.4,0.2852724841796224,0.283859609567773,54.68847127259451,0.00043535109151177087,0.0004845204581216862,0.0013457067659403698,-0.0010485844110451614,33108.299999999996,0.0,0.8571428571428549,-0.8571428571428549,-14318.676649999969,0.0005999999999999894,1
2026-05-13 04:00:00,0.2858,0.2864,0.2853,0.2856,66122.1,0.2853036761625155,0.2839278601729584,53.45175069686227,0.000413458596105698,0.0004703080857184886,0.0013281562826589141,-0.0006997900629810427,-31605.29999999999,0.2500000000000208,0.6666666666666451,-0.4166666666666243,-14331.901069999967,0.0010999999999999899,1
2026-05-13 04:05:00,0.2855,0.2855,0.2843,0.2844,56741.9,0.28521761176608545,0.2839463754602934,46.637104464263196,0.00029586808151571553,0.000435420084877934,0.0013261451196118505,-0.004201680672269004,-9380.200000000004,0.0769230769230697,0.8461538461538521,-0.7692307692307825,-14394.317159999966,0.0011999999999999789,1
2026-05-13 04:10:00,0.2842,0.285,0.2837,0.2848,88709.3,0.28517783921693446,0.28397985093243877,48.972441666055005,0.00023227587684815365,0.00039479124327197794,0.0013242776110681447,0.0014064697609001975,31967.4,0.7857142857142965,0.1428571428571304,0.6428571428571661,-14341.091579999968,0.0012999999999999678,1
2026-05-13 04:15:00,0.2849,0.2851,0.2844,0.285,80740.1,0.28516090214865497,0.2840198567782255,50.147215643457564,0.00019576032188817205,0.0003549850589952168,0.001279686353134708,0.000702247191011196,-7969.199999999997,0.7499999999999549,0.12500000000005032,0.6249999999999046,-14333.017569999969,0.0007000000000000339,1
2026-05-13 04:20:00,0.285,0.2859,0.285,0.2851,68420.9,0.28515510194402116,0.28406221533594217,50.75765558081874,0.00017289758997490745,0.00031856756519115496,0.0012525658993393727,0.00035087719298254605,-12319.200000000012,0.1000000000000433,0.7999999999999579,-0.6999999999999146,-14326.175479999965,0.0009000000000000119,1
2026-05-13 04:25:00,0.2851,0.2861,0.2837,0.285,266478.9,0.28514033033030484,0.2840989912051209,50.09703781274341,0.00014503764229384375,0.00028386158061169273,0.0013345254779579898,-0.0003507541213610965,198058.00000000003,0.5199999999999845,0.4400000000000159,0.0799999999999686,-14352.823369999976,0.0024000000000000132,1
2026-05-13 04:30:00,0.2851,0.2859,0.2849,0.285,85525.8,0.28512696553694244,0.28413432488335144,50.09703781274341,0.00012155719733242254,0.0002514007039558387,0.0013106308009609906,0.0,-180953.10000000003,0.09090909090908082,0.8181818181818283,-0.7272727272727475,-14361.37594999998,0.0010000000000000009,1
2026-05-13 04:35:00,0.285,0.2858,0.285,0.2853,37171.2,0.2851434450096146,0.28418003763302396,52.25891777867734,0.0001257071940454768,0.00022626200197376633,0.0012741571723209214,0.001052631578947416,-48354.600000000006,0.3333333333333498,0.5555555555555419,-0.22222222222219212,-14350.224589999978,0.0008000000000000229,0
2026-05-13 04:40:00,0.2852,0.2852,0.2847,0.2847,53726.4,0.28510121215155604,0.2842004283140819,47.798888327210236,7.966280749249766e-05,0.00019694216307751262,0.0012260030885837118,-0.002103049421661396,16555.200000000004,0.0,0.8333333333333334,-0.8333333333333334,-14377.087789999978,0.0005000000000000004,1
2026-05-13 04:45:00,0.2846,0.2854,0.2844,0.2853,49668.3,0.2851201443275983,0.2842435487723532,52.192836916689316,9.054355526444402e-05,0.0001756624415148989,0.0012098600108277325,0.0021074815595363283,-4058.0999999999985,0.8181818181818283,0.09090909090908082,0.7272727272727475,-14342.319979999978,0.0010000000000000009,0
2026-05-13 04:50:00,0.2852,0.2855,0.2846,0.2847,3560.0,0.28508013058211273,0.2842614488204962,47.85487175828054,5.017327439899022e-05,0.00015056460809171718,0.0011877271529114628,-0.002103049421661396,-46108.3,0.09999999999999334,0.8000000000000023,-0.700000000000009,-14344.099979999979,0.0008999999999999564,1
2026-05-13 04:55:00,0.2846,0.2846,0.2828,0.283,54012.4,0.2848820229076258,0.2842119802393003,38.173809510992186,-0.00011764017385057501,9.692365170325873e-05,0.0012386037848463594,-0.005971197752019819,50452.4,0.10526315789472393,0.8421052631579082,-0.7368421052631843,-14430.519819999981,0.0018000000000000238,1
2026-05-13 05:00:00,0.2829,0.2833,0.2828,0.2832,68660.5,0.28472183024975667,0.2841722947397199,39.718864837046205,-0.00023182290197942823,3.1174340966721346e-05,0.001185846371643048,0.0007067137809189106,14648.099999999999,0.6666666666666852,0.16666666666664817,0.500000000000037,-14409.92166999998,0.0005000000000000004,1
2026-05-13 05:05:00,0.2832,0.2832,0.2819,0.2822,52614.9,0.28448165594025604,0.2840949498479662,35.00806795564333,-0.0003984125276988437,-5.474303276639167e-05,0.001194000202239975,-0.003531073446327637,-16045.599999999999,0.21428571428572676,0.714285714285703,-0.49999999999997624,-14462.53656999998,0.0013000000000000234,1
2026-05-13 05:10:00,0.2823,0.2832,0.2823,0.2832,45724.5,0.2843595934697555,0.2840598537754969,42.369083886370525,-0.00044461907175025184,-0.0001327182405631637,0.0011801430449371196,0.003543586109142405,-6890.4000000000015,0.9000000000000011,0.0,0.9000000000000011,-14421.38451999998,0.0009000000000000119,0
2026-05-13 05:15:00,0.2832,0.2832,0.2816,0.2819,85385.0,0.28412534647263593,0.28397515362743825,36.570323679913464,-0.0005794575997477569,-0.00022206611240008234,0.0012101328274416105,-0.004590395480226106,39660.5,0.17647058823527567,0.7647058823529592,-0.5882352941176836,-14532.385019999982,0.0015999999999999903,1
2026-05-13 05:20:00,0.2818,0.2832,0.2817,0.2831,154361.3,0.284027694427623,0.28394083387734265,44.16663039919025,-0.000582770319976611,-0.00029420695391538807,0.0012308376254814954,0.004256828662646539,68976.29999999999,0.875000000000007,0.06249999999999306,0.812500000000014,-14331.715329999977,0.0015000000000000013,1
2026-05-13 05:25:00,0.2831,0.2832,0.2812,0.2817,275379.3,0.28380600924403987,0.2838529580390155,38.39017341272245,-0.0006904054105265622,-0.0003734466452376229,0.0012857777950899603,-0.00494524902861182,121018.0,0.23809523809523814,0.7142857142857144,-0.4761904761904763,-14717.246349999981,0.0020000000000000018,1
2026-05-13 05:30:00,0.2816,0.2822,0.2814,0.2814,62677.3,0.2835768655065123,0.28375676360611296,37.26543538535827,-0.0007907986534300693,-0.00045691704687611225,0.001251079381154965,-0.0010649627263046302,-212702.0,0.0,0.8888888888888917,-0.8888888888888917,-14729.781809999984,0.0008000000000000229,1
2026-05-13 05:35:00,0.2813,0.2817,0.2808,0.2808,70730.0,0.2833124021249397,0.28364081209214775,35.05347635520182,-0.0009083056254663435,-0.0005471947625941585,0.0012260022825010398,-0.002132196162046851,8052.699999999997,0.0,0.9000000000000011,-0.9000000000000011,-14765.146809999984,0.0009000000000000119,1
2026-05-13 05:40:00,0.2808,0.2808,0.2799,0.28,49419.2,0.2829969352558978,0.28349803514735766,32.300493791745126,-0.001053836095005145,-0.0006485230290763558,0.0012027164051795376,-0.002849002849002691,-21310.800000000003,0.1000000000000433,0.7999999999999579,-0.6999999999999146,-14804.682169999982,0.0009000000000000119,1
2026-05-13 05:45:00,0.28,0.281,0.28,0.281,40207.7,0.2828067509458123,0.2834000729847162,38.77350637113752,-0.0010760740857263529,-0.0007340332404063552,0.0011882366619524278,0.0035714285714285587,-9211.5,0.9090909090909092,0.0,0.9090909090909092,-14764.474469999981,0.0010000000000000009,1
2026-05-13 05:50:00,0.2811,0.2816,0.281,0.2813,35215.2,0.28266325085573496,0.283317717181394,40.60815829560518,-0.0010573024364540218,-0.0007986870796158886,0.0011462197575272536,0.001067615658362886,-4992.5,0.4285714285713878,0.42857142857146713,-7.932543510946743e-14,-14757.431429999982,0.0005999999999999894,1
2026-05-13 05:55:00,0.2814,0.282,0.2812,0.2818,32692.9,0.2825810364885221,0.28325819886055503,43.63941831791892,-0.000990660233332441,-0.0008370817103591991,0.0011214897748467333,0.00177746178457161,-2522.2999999999956,0.6666666666666791,0.22222222222220578,0.4444444444444733,-14744.354269999982,0.0007999999999999674,1
2026-05-13 06:00:00,0.2818,0.2826,0.2814,0.2826,33842.4,0.2825828425372343,0.2832323871405333,48.19527870488411,-0.0008633404419028934,-0.0008423334566679381,0.0011270976480719692,0.002838892831795725,1149.5,0.9230769230769251,0.0,0.9230769230769251,-14717.28034999998,0.0012000000000000344,1
2026-05-13 06:05:00,0.2827,0.2836,0.2827,0.2828,51807.7,0.28260352420035484,0.283215430782081,49.298693449930006,-0.0007377954150916688,-0.0008214258483526843,0.0011180192446382572,0.0007077140835101137,17965.299999999996,0.0999999999999878,0.8000000000000134,-0.7000000000000256,-14712.099579999982,0.0009000000000000119,1
2026-05-13 06:10:00,0.2827,0.2827,0.2818,0.2821,40340.9,0.28255556951460675,0.28317168839847,45.634991440170324,-0.000686866457731361,-0.0007945139702284197,0.0011095892985926675,-0.0024752475247523664,-11466.799999999996,0.30000000000001886,0.5999999999999822,-0.29999999999996335,-14736.30411999998,0.0009000000000000119,1
2026-05-13 06:15:00,0.282,0.2836,0.282,0.283,245500.7,0.28259789622750137,0.2831649555200986,50.70720287751541,-0.0005673424431872354,-0.0007490796648201829,0.0011446186344074803,0.0031903580290675304,205159.80000000002,0.5882352941176318,0.35294117647060513,0.23529411764702662,-14490.80341999998,0.0016000000000000458,1
2026-05-13 06:20:00,0.283,0.283,0.2826,0.2827,63774.2,0.28260762039631077,0.28314672197029084,49.06395210675228,-0.0004911644552316741,-0.0006974966229024811,0.0010914315890926572,-0.0010600706713779218,-181726.5,0.19999999999999557,0.5999999999999868,-0.3999999999999912,-14509.935679999979,0.00039999999999995595,1
2026-05-13 06:25:00,0.2827,0.2828,0.2817,0.2827,224121.0,0.282616418453805,0.283129203461652,49.06395210675228,-0.00042588353070543983,-0.000643174004463073,0.001092043618443181,0.0,160346.8,0.833333333333341,0.08333333333332485,0.7500000000000162,-14509.935679999979,0.0010999999999999899,1
2026-05-13 06:30:00,0.2827,0.2827,0.282,0.2822,66567.2,0.2825767595534426,0.28309276411021467,46.171749976147346,-0.00040977017353299727,-0.0005964932382770578,0.001064040502840099,-0.0017686593562079578,-157553.8,0.25000000000003125,0.624999999999974,-0.37499999999994277,-14543.21927999998,0.0007000000000000339,1
2026-05-13 06:35:00,0.2823,0.2823,0.2817,0.2818,41660.7,0.2825027824531147,0.2830420674784416,43.940218600246794,-0.0004243848347393886,-0.000562071557569524,0.001030894752637234,-0.0014174344436570507,-24906.5,0.14285714285712928,0.7142857142857256,-0.5714285714285964,-14564.04962999998,0.0005999999999999894,1
2026-05-13 06:40:00,0.2818,0.2818,0.2808,0.2814,106601.0,0.2823977555528181,0.28297767267536544,41.76632821074027,-0.0004629076053741521,-0.0005422387671304497,0.0010286879845917173,-0.0014194464158978626,64940.3,0.5454545454545354,0.36363636363637375,0.18181818181816167,-14606.690029999982,0.0010000000000000009,1
2026-05-13 06:45:00,0.2812,0.2816,0.2812,0.2815,55914.8,0.2823122550239783,0.2829197247273119,42.531797436398215,-0.00047983675495549827,-0.0005297583646954595,0.000983781699978024,0.0003553660270076975,-50686.2,0.5999999999999202,0.2000000000000844,0.39999999999983576,-14589.915589999984,0.00040000000000001146,1
2026-05-13 06:50:00,0.2814,0.2817,0.2809,0.2815,24170.2,0.282234897402647,0.2828640492478095,42.53179743639822,-0.00048763210855962136,-0.0005213331134682919,0.0009706544356938811,0.0,-31744.600000000002,0.6666666666666379,0.22222222222225377,0.44444444444438413,-14587.498569999985,0.0008000000000000229,1
2026-05-13 06:55:00,0.2815,0.2816,0.2812,0.2812,34966.0,0.28213633574525204,0.2827987924145621,40.67169666746939,-0.0005121141421975395,-0.0005194893192141414,0.0009298934045728904,-0.001065719360568318,10795.8,0.0,0.8000000000000045,-0.8000000000000045,-14597.988369999985,0.00040000000000001146,1
2026-05-13 07:00:00,0.2811,0.2817,0.2809,0.2812,68539.8,0.2820471609123709,0.2827360946728146,40.67169666746939,-0.0005254591640825312,-0.0005206832881878194,0.000920615304246257,0.0,33573.8,0.3333333333333498,0.5555555555555419,-0.22222222222219212,-14591.134389999985,0.0008000000000000229,1
2026-05-13 07:05:00,0.2812,0.2814,0.2807,0.2814,112540.8,0.28198552653976416,0.2826836988032924,42.61222604614609,-0.0005139721109829742,-0.0005193410527468504,0.0009048570682286658,0.0007112375533426807,44001.0,0.8749999999999966,0.0,0.8749999999999966,-14568.626229999987,0.0006999999999999784,1
2026-05-13 07:10:00,0.2813,0.2816,0.2812,0.2814,20887.1,0.28192976210740567,0.28263335767375153,42.61222604614609,-0.0004991150510219589,-0.0005152958524018721,0.0008687958490694762,0.0,-91653.70000000001,0.39999999999994673,0.40000000000005775,-1.1102230246251565e-13,-14566.537519999987,0.00040000000000001146,1
2026-05-13 07:15:00,0.2814,0.2818,0.2811,0.2813,28772.5,0.2818697847638432,0.282581069137526,41.81904598991504,-0.000489764191496711,-0.0005101895202208399,0.0008567390027073693,-0.0003553660270078085,7885.4000000000015,0.24999999999997918,0.6250000000000174,-0.37500000000003825,-14569.414769999987,0.0006999999999999784,1
2026-05-13 07:20:00,0.2812,0.2817,0.2812,0.2813,38627.3,0.2818155195482391,0.28253083113213284,41.81904598991504,-0.0004768566611963454,-0.000503522948415941,0.0008312576453711286,0.0,9854.800000000003,0.16666666666664817,0.6666666666666852,-0.500000000000037,-14565.552039999988,0.0005000000000000004,1
2026-05-13 07:25:00,0.2814,0.2816,0.2812,0.2812,11998.8,0.281756898638883,0.28247864167597075,40.93534491281382,-0.0004692868678134454,-0.0004966757322954419,0.0008004535278446201,-0.0003554923569142332,-26628.500000000004,0.0,0.8000000000000045,-0.8000000000000045,-14567.951799999988,0.00040000000000001146,1
2026-05-13 07:30:00,0.2811,0.2811,0.2797,0.28,101199.6,0.28158957495898934,0.28238144004161897,32.15445796684135,-0.0005537346152449385,-0.0005080875088853413,0.000850421132998576,-0.004267425320056861,89200.8,0.20000000000001333,0.7333333333333205,-0.5333333333333072,-14679.271359999986,0.0014000000000000123,1
2026-05-13 07:35:00,0.28,0.2806,0.2798,0.28,146218.7,0.28143818686765704,0.2822880502360653,32.15445796684135,-0.0006135870143408884,-0.0005291874099764507,0.0008468196234986793,0.0,45019.100000000006,0.22222222222225377,0.6666666666666379,-0.44444444444438413,-14679.271359999986,0.0008000000000000229,1
2026-05-13 07:40:00,0.2799,0.2813,0.2799,0.2812,75737.7,0.28141550240407065,0.28224538159935686,45.670387175779574,-0.0005577609792811189,-0.0005349021238373843,0.0008863325075344887,0.004285714285714226,-70481.00000000001,0.8666666666666751,0.06666666666665877,0.8000000000000164,-14580.812349999984,0.0014000000000000123,1
2026-05-13 07:45:00,0.2813,0.2819,0.2813,0.2813,55021.1,0.28140450217511154,0.2822083078111468,46.62465164069571,-0.0004996891742710119,-0.0005278595339241099,0.0008730230427105952,0.00035561877667134034,-20716.6,0.0,0.8571428571428549,-0.8571428571428549,-14580.812349999984,0.0005999999999999894,1
2026-05-13 07:50:00,0.2814,0.2815,0.2807,0.2808,53574.1,0.28134693053938664,0.2821530800538469,42.59603447185875,-0.0004883828977044202,-0.0005199642066801719,0.0008678071110884075,-0.00177746178457161,-1447.0,0.11111111111110289,0.7777777777777819,-0.666666666666679,-14612.956809999983,0.0007999999999999674,1
2026-05-13 07:55:00,0.2807,0.2818,0.28,0.2815,61321.9,0.2813615085832546,0.2821274690713431,49.2122829849194,-0.00041811863090490675,-0.0004995950915251189,0.0009343923174392332,0.00249287749287741,7747.800000000003,0.789473684210511,0.15789473684211972,0.6315789473683913,-14563.899289999985,0.0017999999999999683,1
2026-05-13 08:00:00,0.2817,0.282,0.2812,0.2818,60538.8,0.28140326967056367,0.2821146271469767,51.77751919354721,-0.0003343717708095273,-0.0004665504273820006,0.0009247928661935714,0.00106571936056854,-783.0999999999985,0.6666666666666791,0.22222222222220578,0.4444444444444733,-14557.845409999985,0.0007999999999999674,1
2026-05-13 08:05:00,0.2818,0.2821,0.2813,0.2813,28735.7,0.2813934344638433,0.2820826809843502,47.47368940248703,-0.0003048336693580178,-0.00043420707577720405,0.0009158790900368894,-0.0017743080198722172,-31803.100000000002,0.0,0.8888888888888917,-0.8888888888888917,-14572.213259999986,0.0008000000000000229,1
2026-05-13 08:10:00,0.2813,0.2819,0.2806,0.2807,47802.2,0.2813273930863344,0.2820284582006502,42.86878179649742,-0.000326080642074289,-0.00041258178903662106,0.000943316297891395,-0.0021329541414859543,19066.499999999996,0.0714285714285652,0.8571428571428616,-0.7857142857142965,-14600.894579999986,0.0012999999999999678,1
2026-05-13 08:15:00,0.2807,0.2816,0.2807,0.281,85157.2,0.2812962127923978,0.28198812650650706,45.70464514878941,-0.00031507948802494967,-0.0003930813288342868,0.000940222276613439,0.001068756679729388,37355.0,0.30000000000001886,0.5999999999999822,-0.29999999999996335,-14575.347419999984,0.0009000000000000119,1
2026-05-13 08:20:00,0.281,0.2812,0.2807,0.2807,9423.1,0.28123943062169326,0.281937611741546,43.38543321315332,-0.0003268013247323953,-0.00037982532801390855,0.0009087778282839077,-0.001067615658363108,-75734.09999999999,0.0,0.8333333333333334,-0.8333333333333334,-14578.174349999985,0.0005000000000000004,1
2026-05-13 08:25:00,0.2808,0.281,0.2802,0.2804,52719.3,0.2811594848481987,0.28187731324187754,41.13740542048298,-0.0003561924922412807,-0.000375098760859383,0.0009010079834064873,-0.001068756679729277,43296.200000000004,0.22222222222219207,0.6666666666666996,-0.44444444444450754,-14599.262069999986,0.0008000000000000229,1
2026-05-13 08:30:00,0.2802,0.2815,0.2796,0.2814,37412.1,0.28118239105313214,0.2818585950755294,50.36895463313477,-0.0002953885067597528,-0.000359156710039457,0.0009723645560203066,0.003566333808844524,-15307.200000000004,0.9000000000000035,0.04999999999999557,0.8500000000000079,-14554.367549999986,0.0018999999999999573,1
2026-05-13 08:35:00,0.2816,0.2824,0.2816,0.2824,27826.1,0.2812983538099767,0.28187982664119493,57.540245673657644,-0.00016461172603482455,-0.00032024771323853053,0.0009743385163045704,0.003553660270078085,-9586.0,0.8888888888888848,0.0,0.8888888888888848,-14532.106669999986,0.0007999999999999674,1
2026-05-13 08:40:00,0.2825,0.2832,0.2825,0.2831,121056.7,0.2814699391614075,0.2819276765768344,61.710879312971265,-4.434912349637887e-06,-0.000257085153060752,0.00096188576513996,0.002478753541076628,93230.6,0.7500000000000243,0.12499999999998092,0.6250000000000434,-14459.472649999982,0.0007000000000000339,1
2026-05-13 08:45:00,0.2832,0.2837,0.2829,0.283,89058.4,0.28161565924127346,0.28196972847578206,60.79221014509293,0.00011313307458149513,-0.0001830415075323026,0.0009503224962013931,-0.00035323207347237595,-31998.300000000003,0.11111111111109603,0.7777777777777957,-0.6666666666666996,-14477.284329999984,0.0008000000000000229,2
2026-05-13 08:50:00,0.283,0.2835,0.2829,0.2832,49958.4,0.28176654883734265,0.28201797441790827,62.010296258368804,0.00021990989540121575,-0.00010245122694559892,0.0009252994607584357,0.0007067137809189106,-39099.99999999999,0.42857142857146713,0.4285714285713878,7.932543510946743e-14,-14467.292649999983,0.0005999999999999894,2
2026-05-13 08:55:00,0.283,0.2834,0.2829,0.2829,27380.4,0.28187449656711955,0.2820525636564217,59.046971819188634,0.0002771292291443017,-2.6535135727618796e-05,0.0008949209278471189,-0.0010593220338983578,-22578.0,0.0,0.8333333333333334,-0.8333333333333334,-14470.030689999983,0.0005000000000000004,2
2026-05-13 09:00:00,0.2828,0.2838,0.2825,0.2838,83455.7,0.2820578778464415,0.28212109057185614,64.52412023121505,0.0003905958954200095,5.6891070501906865e-05,0.0009238551472866121,0.0031813361611876534,56075.299999999996,0.9285714285714297,0.0,0.9285714285714297,-14386.574989999983,0.0013000000000000234,2
2026-05-13 09:05:00,0.2839,0.2841,0.2836,0.2839,72254.1,0.2822333180515423,0.282190851725901,65.08291032831656,0.00048302025338053944,0.00014211690707763338,0.0008935797796232826,0.00035236081747713754,-11201.599999999991,0.49999999999994454,0.3333333333333889,0.16666666666655566,-14386.574989999983,0.0005000000000000004,2
2026-05-13 09:10:00,0.2838,0.285,0.2837,0.285,46027.3,0.28249681157044304,0.2823010144033167,70.57363335707828,0.0006376772830831712,0.00024122898227874095,0.0009226097953644744,0.003874603733708959,-26226.800000000003,0.9285714285714269,0.0,0.9285714285714269,-14331.342229999984,0.0012999999999999678,1
2026-05-13 09:15:00,0.2851,0.2864,0.2851,0.286,156063.3,0.2828304485637342,0.28244607266201016,74.49947375581385,0.0008313524227865909,0.00035925367038031097,0.0009567090956955842,0.0035087719298245723,110035.99999999999,0.6428571428571265,0.28571428571430046,0.357142857142826,-14190.88525999999,0.0012999999999999678,1
2026-05-13 09:20:00,0.2861,0.2865,0.2854,0.2861,86981.7,0.2831418344148071,0.28258936393016665,74.86066274760054,0.000981595310898531,0.00048372199848395497,0.0009669441602887561,0.0003496503496505099,-69081.59999999999,0.5833333333333665,0.3333333333332994,0.25000000000006706,-14190.88525999999,0.0010999999999999899,1
2026-05-13 09:25:00,0.2862,0.2865,0.286,0.2861,85542.4,0.2834235644705398,0.2827270359329052,74.86066274760054,0.00108812070402442,0.000604601739592048,0.0009335910059824164,0.0,-1439.300000000003,0.16666666666674068,0.6666666666665927,-0.499999999999852,-14199.43949999999,0.0005000000000000004,1
2026-05-13 09:30:00,0.2861,0.288,0.286,0.2876,152685.3,0.2838213202352503,0.28291813256298737,79.83049039265684,0.0012788386535785845,0.0007394491223893554,0.0010097630769836726,0.005242922055225474,67142.9,0.7619047619047832,0.19047619047616934,0.5714285714286138,-13970.41154999999,0.0020000000000000018,1
2026-05-13 09:35:00,0.2877,0.2884,0.2868,0.2875,192498.9,0.284171670689036,0.28309781363894865,78.71329529334876,0.0014057106806814046,0.0008727014340477652,0.0010519228571991238,-0.00034770514603632563,39813.600000000006,0.4117647058823426,0.5294117647058924,-0.11764705882354975,-14008.911329999995,0.0015999999999999903,1
2026-05-13 09:40:00,0.2875,0.2876,0.2865,0.2874,69222.4,0.2844791306234135,0.28326652682957815,77.54461279589489,0.0014811151386031618,0.0009943841749588446,0.001055356938827761,-0.0003478260869564931,-123276.5,0.7499999999999816,0.16666666666668825,0.5833333333332933,-14015.833569999995,0.0011000000000000454,1
2026-05-13 09:45:00,0.2873,0.2887,0.287,0.2878,182542.4,0.2847954038973741,0.28344431009116333,78.89447454051935,0.0015552227322614964,0.001106551886419375,0.0011014028717686378,0.0013917884481560172,113320.0,0.4444444444444486,0.49999999999999695,-0.055555555555548364,-13924.562369999996,0.0017000000000000348,1
2026-05-13 09:50:00,0.2877,0.2879,0.2871,0.2874,98218.7,0.2850434606690528,0.2835994351856275,74.09760823240539,0.0015636520693754763,0.0011979719230105954,0.0010798740952137327,-0.001389854065323215,-84323.7,0.33333333333330867,0.5555555555555761,-0.22222222222226745,-13954.027979999999,0.0007999999999999674,1
2026-05-13 09:55:00,0.2873,0.2879,0.287,0.2878,96781.6,0.2853059882243811,0.2837641632175637,75.68941765848083,0.0015843456859818694,0.0012752466756048503,0.0010670259455556098,0.0013917884481560172,-1437.0999999999913,0.8000000000000134,0.0999999999999878,0.7000000000000256,-13905.63718,0.0009000000000000119,1
2026-05-13 10:00:00,0.2878,0.2879,0.2866,0.2872,116466.7,0.2854863702982495,0.2838989019149142,68.8541250500788,0.0015346401641095908,0.0013271253733057986,0.0010836669494444925,-0.0020847810979847115,19685.09999999999,0.4285714285714308,0.49999999999999606,-0.07142857142856524,-13975.517199999998,0.0012999999999999678,1
2026-05-13 10:05:00,0.2872,0.288,0.2864,0.2868,218408.1,0.2856114778888924,0.2840126704672705,64.66172554420902,0.0014462994827098008,0.001350960195186599,0.001120547881627028,-0.001392757660167221,101941.40000000001,0.2352941176470669,0.7058823529411681,-0.4705882352941012,-14062.88044,0.0015999999999999903,1
2026-05-13 10:10:00,0.2868,0.287,0.2858,0.2861,178557.3,0.285658003804236,0.28409452652737754,58.00554709689147,0.001304764196909891,0.0013417209955312575,0.0011262230329393817,-0.0024407252440724614,-39850.80000000002,0.2307692307692518,0.69230769230767,-0.46153846153841815,-14187.870549999998,0.0011999999999999789,1
2026-05-13 10:15:00,0.2862,0.2871,0.2862,0.2871,35852.5,0.28579533677526114,0.28421238823218625,63.74684540930086,0.0012587777000933054,0.0013251323364436671,0.00111720710201514,0.003495281370150316,-142704.8,0.9000000000000011,0.0,0.9000000000000011,-14155.603299999997,0.0009000000000000119,0
2026-05-13 10:20:00,0.2871,0.2876,0.2865,0.2869,51161.9,0.2859005427966648,0.2843177847721005,61.92342083143022,0.001192448932500867,0.001298595655655107,0.001115978023299776,-0.0006966213862766857,15309.400000000001,0.33333333333333026,0.5833333333333395,-0.2500000000000092,-14165.835679999998,0.0011000000000000454,0
2026-05-13 10:25:00,0.287,0.287,0.2859,0.2863,62422.3,0.2859385863398396,0.2843955187026064,56.68496896676413,0.0010790295398572236,0.0012546824324955305,0.00111483673592122,-0.0020913210177762043,11260.400000000001,0.3333333333333457,0.5833333333333203,-0.24999999999997458,-14209.531289999997,0.0010999999999999899,0
2026-05-13 10:30:00,0.2864,0.2866,0.2852,0.2852,144619.1,0.2858682447836644,0.2844270669887787,48.57231521846679,0.0008901222716622414,0.0011817704003288729,0.0011352055404982766,-0.0038421236465245867,82196.8,0.0,0.9333333333333339,-0.9333333333333339,-14383.074209999993,0.0014000000000000123,1
2026-05-13 10:35:00,0.2851,0.2853,0.284,0.2845,218781.0,0.28573793575664874,0.2844299271068658,44.23381646379068,0.0006761337023167835,0.001080643060726455,0.00114697657331983,-0.0024544179523142695,74161.9,0.3571428571428515,0.5714285714285783,-0.2142857142857268,-14514.342810000004,0.0013000000000000234,1
2026-05-13 10:40:00,0.2845,0.2845,0.2831,0.2833,214198.7,0.2855057513988727,0.2843856162399299,37.97222650297723,0.0004050471171906378,0.0009455238720192916,0.0011650496752255535,-0.004217926186291687,-4582.299999999988,0.13333333333332248,0.8000000000000089,-0.6666666666666865,-14771.381249999999,0.0013999999999999568,1
2026-05-13 10:45:00,0.2833,0.2835,0.2828,0.2828,35285.4,0.28524806078945625,0.2843234352109131,35.70432356252908,0.0001481553810697145,0.0007860501738293762,0.0011318318412808696,-0.0017649135192375764,-178913.30000000002,0.0,0.8749999999999966,-0.8749999999999966,-14789.023949999999,0.0006999999999999784,1
2026-05-13 10:50:00,0.2827,0.2831,0.2824,0.2828,52945.3,0.28501491214284136,0.2842636926536224,35.70432356252908,-5.480145356717703e-05,0.0006178798483500655,0.00110098670976081,0.0,17659.9,0.49999999999999306,0.37500000000001216,0.1249999999999809,-14783.72942,0.0007000000000000339,1
2026-05-13 10:55:00,0.2828,0.2832,0.2824,0.2827,33864.4,0.2847944443197136,0.2842023713730882,35.21645437248509,-0.00022116590858389795,0.00045007069696327285,0.001079487659063611,-0.00035360678925033806,-19080.9,0.3333333333333498,0.5555555555555419,-0.22222222222219212,-14787.11586,0.0008000000000000229,1
2026-05-13 11:00:00,0.2826,0.2841,0.2826,0.2834,152374.9,0.2846616400987885,0.28417090582904553,41.26640575710457,-0.0002931475652655502,0.0003014270445175083,0.0011095242548447817,0.002476123098691163,118510.5,0.4999999999999792,0.4375000000000208,0.06249999999995837,-14665.215940000006,0.0015000000000000013,1
2026-05-13 11:05:00,0.2833,0.2834,0.2819,0.2821,52061.1,0.2844176743750944,0.2840896938357496,34.77190651560055,-0.0004499064408393094,0.00015116034744614475,0.0011374153794987258,-0.004587155963302614,-100313.79999999999,0.12500000000002082,0.8124999999999792,-0.6874999999999585,-14727.689260000005,0.0015000000000000013,1
2026-05-13 11:10:00,0.282,0.2821,0.2809,0.2819,61064.1,0.28417789586318065,0.28400382348924963,33.88827773901525,-0.0005835505007237285,4.218177812170111e-06,0.0011418857095345336,-0.0007089684509040683,9003.0,0.7692307692307495,0.15384615384617553,0.615384615384574,-14733.795670000003,0.0012000000000000344,1
2026-05-13 11:15:00,0.2818,0.2825,0.2816,0.2817,33424.0,0.28394190578097295,0.2839134774700634,32.98556421703441,-0.0006975616530465745,-0.00013613778835957883,0.0011246081588534925,-0.0007094714437743121,-27640.1,0.09999999999999334,0.8000000000000023,-0.700000000000009,-14737.138070000003,0.0008999999999999564,0
2026-05-13 11:20:00,0.2816,0.2823,0.2816,0.282,19107.9,0.28375696237326126,0.2838384391379041,35.750262545079096,-0.0007550055854585458,-0.00025991134777937223,0.00109427900464967,0.0010649627263044081,-14316.099999999999,0.49999999999995837,0.3750000000000382,0.12499999999992017,-14729.494910000003,0.0006999999999999784,0
2026-05-13 11:25:00,0.282,0.282,0.2806,0.2806,38368.1,0.2834562992900935,0.28371144152465294,29.61090964761354,-0.0009030883748359364,-0.0003885467531906851,0.001116116218603262,-0.004964539007092039,19260.199999999997,0.0,0.9333333333333313,-0.9333333333333313,-14783.210250000002,0.0013999999999999568,1
2026-05-13 11:30:00,0.2806,0.2813,0.2805,0.281,46450.7,0.28322236602437034,0.28360511048447046,33.14358004043517,-0.0009769072169426019,-0.0005062188459410685,0.0010935364887030266,0.0014255167498218313,8082.5999999999985,0.5555555555555761,0.33333333333330867,0.22222222222226745,-14764.629970000002,0.0007999999999999674,1
2026-05-13 11:35:00,0.281,0.281,0.2801,0.2801,39146.4,0.28292499783157316,0.28346765517135397,29.550035927383277,-0.0010954045181150729,-0.0006240559803758694,0.0010797124537956684,-0.003202846975088991,-7304.299999999996,0.0,0.9000000000000011,-0.9000000000000011,-14799.861730000002,0.0009000000000000119,1
2026-05-13 11:40:00,0.28,0.2802,0.2785,0.2797,137599.7,0.2826178551809471,0.28331990398816365,28.092190965500905,-0.0012076698735281055,-0.0007407787590063167,0.0011240187070959765,-0.001428061406640535,98453.30000000002,0.6666666666666625,0.27777777777778123,0.3888888888888813,-14841.141640000005,0.0016999999999999793,0
2026-05-13 11:45:00,0.2797,0.28,0.2784,0.2784,49490.8,0.2822161546875236,0.2831269665768631,23.955714968823898,-0.0013855681448798896,-0.0008697366361810313,0.0011580173708748386,-0.0046478369681802745,-88108.90000000001,0.0,0.9411764705882368,-0.9411764705882368,-14905.479680000006,0.0016000000000000458,1
2026-05-13 11:50:00,0.2783,0.2788,0.2771,0.2788,207989.4,0.28189080662204513,0.28295728161306455,27.493435692585066,-0.0014772483501283573,-0.0009912389789704967,0.0011967304158123485,0.001436781609195359,158498.59999999998,0.9444444444444438,0.0,0.9444444444444438,-14801.484980000007,0.0016999999999999793,0
2026-05-13 11:55:00,0.2787,0.2789,0.2779,0.2783,124468.3,0.2815488250389932,0.2827746431184346,25.873117100922585,-0.001572128871617895,-0.0011074169574999764,0.0011826782432543237,-0.0017934002869440802,-83521.09999999999,0.36363636363637375,0.5454545454545354,-0.18181818181816167,-14851.272300000008,0.0010000000000000009,1
2026-05-13 12:00:00,0.2782,0.2787,0.2778,0.2782,46724.4,0.28122988932099385,0.2825952453490842,25.548809779982307,-0.00163652667196873,-0.0012132389003937272,0.00116248694016473,-0.00035932446999631384,-77743.9,0.4000000000000067,0.49999999999999445,-0.09999999999998777,-14851.272300000008,0.0009000000000000119,0
2026-05-13 12:05:00,0.2781,0.2782,0.2777,0.2779,45190.5,0.28091275700470875,0.2824111180804927,24.55444868475901,-0.0016922625363807176,-0.0013090436275911253,0.001115166444438678,-0.0010783608914450848,-1533.9000000000015,0.33333333333329634,0.5000000000000371,-0.16666666666674074,-14860.31040000001,0.0005000000000000004,0
2026-05-13 12:10:00,0.2778,0.2778,0.2761,0.2766,140060.4,0.28050201824235554,0.282183231096944,20.780204097434833,-0.0018203488969726345,-0.0014113046814674271,0.00116408312697877,-0.004677941705649391,94869.9,0.27777777777778123,0.6666666666666625,-0.3888888888888813,-15028.382880000006,0.0016999999999999793,0
2026-05-13 12:15:00,0.2766,0.2773,0.2764,0.2772,106829.4,0.28018754031451215,0.28198781026961284,26.40300272978645,-0.0018520934940521316,-0.0014994624439843682,0.0011452200464802872,0.002169197396963085,-33231.0,0.8000000000000134,0.0999999999999878,0.7000000000000256,-14964.285240000008,0.0009000000000000119,0
2026-05-13 12:20:00,0.2771,0.2771,0.2742,0.276,164037.7,0.2797887269512253,0.2817529941806084,22.9018989488614,-0.0019515846342818555,-0.0015898868820438657,0.0012777043288745525,-0.0043290043290042934,57208.30000000002,0.6000000000000052,0.36666666666666164,0.23333333333334355,-15144.726710000006,0.0029000000000000137,0
2026-05-13 12:25:00,0.276,0.2766,0.2758,0.2758,122836.9,0.2794088481939658,0.28151954342842767,22.369494989600938,-0.0020232476685441148,-0.0016765590393439157,0.0012435825910978005,-0.0007246376811594901,-41200.80000000002,0.0,0.8888888888888917,-0.8888888888888917,-15169.29409000001,0.0008000000000000229,0
2026-05-13 12:30:00,0.2758,0.2758,0.2726,0.2739,230651.3,0.2788841959850166,0.2812207378037834,18.071449085431084,-0.0022079039185382565,-0.001782828015182784,0.0013833266917336706,-0.006889050036258171,107814.4,0.39393939393938654,0.575757575757583,-0.18181818181819648,-15607.531560000014,0.0031999999999999806,1
2026-05-13 12:35:00,0.2738,0.2747,0.2721,0.2729,218335.2,0.27831427255787217,0.2808944343604978,16.296668078160806,-0.002407188400231297,-0.0019077000921924867,0.0014702319280384076,-0.003650967506389158,-12316.099999999977,0.29629629629628523,0.6666666666666777,-0.3703703703703925,-15804.033240000017,0.002599999999999991,1
2026-05-13 12:40:00,0.2728,0.2735,0.2717,0.2729,187206.2,0.2777986275523605,0.2805809271306744,16.296668078160806,-0.0025358906192188835,-0.0020333381975977663,0.0014937867903213802,0.0,-31129.0,0.631578947368402,0.3157894736842302,0.3157894736841718,-15785.312620000019,0.0018000000000000238,1
2026-05-13 12:45:00,0.2731,0.2734,0.2727,0.2728,63003.7,0.27732256778546904,0.28027579273339304,16.1131404912054,-0.0026158038606567957,-0.0021498313302095724,0.0014370877338698515,-0.0003664345914253797,-124202.50000000001,0.12499999999998959,0.750000000000007,-0.6250000000000174,-15804.21373000002,0.0006999999999999784,1
2026-05-13 12:50:00,0.2728,0.2735,0.2726,0.2726,128215.1,0.2768727994249482,0.27997478125365216,15.731557562391131,-0.0026645586354511197,-0.002252776791257882,0.00139872432430772,-0.0007331378299119118,65211.40000000001,0.0,0.9000000000000011,-0.9000000000000011,-15829.856750000017,0.0009000000000000119,1
2026-05-13 12:55:00,0.2726,0.2729,0.2716,0.2722,60077.8,0.27642777090828646,0.279669887871156,14.968091307377748,-0.0027043003121651754,-0.0023430814954393405,0.0013916725868571664,-0.0014673514306676738,-68137.3,0.4285714285714308,0.49999999999999606,-0.07142857142856524,-15853.887870000019,0.0012999999999999678,1
2026-05-13 13:00:00,0.2724,0.2737,0.2724,0.2737,38653.7,0.2761679832027354,0.27943577462130675,28.902496224977398,-0.002584960596631547,-0.002391457315677782,0.0013994102592245119,0.005510653930933085,-21424.100000000006,0.9285714285714297,0.0,0.9285714285714297,-15803.638060000018,0.0013000000000000234,1
2026-05-13 13:05:00,0.2738,0.2739,0.2735,0.2735,35122.3,0.2759138895643796,0.2792029991459614,28.23804285002899,-0.002477956995041053,-0.0024087572515504364,0.0013280238121370438,-0.00073072707343802,-3531.399999999994,0.0,0.7999999999999823,-0.7999999999999823,-15814.174750000017,0.00039999999999995595,1
2026-05-13 13:10:00,0.2735,0.2735,0.2726,0.2731,118122.6,0.27564590008205775,0.2789636658461198,26.905781442349294,-0.0023977922702047016,-0.0024065642552812895,0.0012974506826986844,-0.001462522851919612,83000.3,0.49999999999999445,0.4000000000000067,0.09999999999998777,-15861.423790000017,0.0009000000000000119,1
2026-05-13 13:15:00,0.2732,0.2737,0.2731,0.2731,42419.5,0.27540343340757606,0.27873371816587983,26.905781442349294,-0.0023076598815699456,-0.002386783380539021,0.0012476327767916347,0.0,-75703.1,0.0,0.8571428571428549,-0.8571428571428549,-15865.665740000017,0.0005999999999999894,0
2026-05-13 13:20:00,0.273,0.273,0.2726,0.2729,12658.7,0.27516501117828307,0.2785049449044728,26.189278850665403,-0.0022266996354136648,-0.0023547666315139495,0.0011942304355922323,-0.0007323324789455521,-29760.8,0.5999999999999202,0.2000000000000844,0.39999999999983576,-15866.931610000018,0.00040000000000001146,0
2026-05-13 13:25:00,0.2728,0.2728,0.272,0.272,78514.6,0.2748635815422561,0.278249849025866,23.19578465185154,-0.002209688620500194,-0.0023257510293111985,0.0011732139759070698,-0.0032979113228287504,65855.90000000001,0.0,0.8888888888888848,-0.8888888888888848,-15929.743290000015,0.0007999999999999674,0
2026-05-13 13:30:00,0.2719,0.2727,0.2713,0.2714,119989.4,0.2745337166334698,0.2779812274954399,21.43662701928359,-0.0022190425134255842,-0.002304409326134076,0.0011894129776279943,-0.0022058823529413907,41474.79999999999,0.06666666666665877,0.8666666666666751,-0.8000000000000164,-15989.737990000014,0.0014000000000000123,1
2026-05-13 13:35:00,0.2714,0.2717,0.2706,0.2712,74934.4,0.2742162198112346,0.2777152970054227,20.868493750967744,-0.0022170372441969732,-0.0022869349097466556,0.0011830263363688512,-0.0007369196757552876,-45055.0,0.4999999999999954,0.4166666666666705,0.08333333333332488,-16004.724870000013,0.0010999999999999899,1
2026-05-13 13:40:00,0.2713,0.2718,0.2706,0.2713,100366.5,0.273938484591117,0.27746371673070025,21.981875159396367,-0.002182223574639597,-0.002265992642725244,0.0011842387409139316,0.0003687315634217647,25432.100000000006,0.5384615384615306,0.3846153846153912,0.15384615384613937,-16004.724870000013,0.0011999999999999789,1
2026-05-13 13:45:00,0.2712,0.2716,0.2676,0.2693,388741.4,0.2734967241538678,0.2771435709765552,16.86960202636716,-0.00228962342242639,-0.0022707187986654737,0.0013853645451343652,-0.007371913011426479,288374.9,0.41463414634145795,0.5609756097561029,-0.146341463414645,-16743.333530000018,0.0040000000000000036,1
2026-05-13 13:50:00,0.2693,0.2701,0.2688,0.2695,125958.8,0.2731160837582613,0.2768438230951216,18.900792291905418,-0.0023317216117473283,-0.0022829193612818447,0.0013792670776247695,0.0007426661715559391,-262782.60000000003,0.5000000000000159,0.42857142857141384,0.07142857142860204,-16718.141770000013,0.0013000000000000234,2
2026-05-13 13:55:00,0.2696,0.2697,0.2679,0.269,69039.4,0.27272407578128405,0.2765362221894306,17.734179992165195,-0.0023780182374347203,-0.00230193913651242,0.001409319429222998,-0.0018552875695733162,-56919.40000000001,0.578947368421057,0.3684210526315737,0.21052631578948328,-16759.565410000014,0.0017999999999999683,2
2026-05-13 14:00:00,0.2689,0.2698,0.2669,0.2691,429428.8,0.27237892570687605,0.2762446056329823,18.813487275218307,-0.002379213391606516,-0.0023173939875312396,0.0015157966128499238,0.00037174721189581206,360389.4,0.7333333333333368,0.2333333333333294,0.5000000000000074,-16673.67965,0.002899999999999958,2
2026-05-13 14:05:00,0.2692,0.2702,0.2691,0.27,103867.1,0.27215236135384024,0.27599971913757126,27.97254767697504,-0.002281241351238472,-0.0023101634602726863,0.0014860968547892144,0.0033444816053511683,-325561.69999999995,0.7500000000000162,0.1666666666666497,0.5833333333333666,-16590.585969999996,0.0010999999999999899,2
2026-05-13 14:10:00,0.2699,0.2711,0.2696,0.2703,73431.5,0.27197594598680785,0.27577620074001946,30.775962656360733,-0.002154553953784999,-0.002279041558975149,0.0014870899365899849,0.0011111111111110628,-30435.600000000006,0.4374999999999861,0.5000000000000139,-0.06250000000002776,-16561.213369999994,0.0015000000000000013,2
2026-05-13 14:15:00,0.2702,0.2713,0.2701,0.2709,81679.4,0.2718734749404452,0.2755849771815873,36.13022220862047,-0.0019828808765346984,-0.002219809422487059,0.0014665835125478414,0.002219755826859071,8247.899999999994,0.6153846153846003,0.3076923076923215,0.30769230769227884,-16504.037789999995,0.0011999999999999789,1
2026-05-13 14:20:00,0.271,0.2734,0.2708,0.2725,201926.3,0.27193314399373614,0.27546399768427016,47.7387184716158,-0.0016981469171330477,-0.002115476921416257,0.0015475418330801378,0.005906238464378211,120246.9,0.6296296296296446,0.33333333333331827,0.29629629629632637,-16201.148339999994,0.002599999999999991,1
2026-05-13 14:25:00,0.2726,0.2759,0.2726,0.2746,402876.0,0.272187130280047,0.2754301154221419,58.42050249494324,-0.0012881912860675526,-0.0019500197943465162,0.0016798602735744108,0.00770642201834848,200949.7,0.5882352941176529,0.38235294117646457,0.20588235294118828,-15395.396339999994,0.0032999999999999696,1
2026-05-13 14:30:00,0.2745,0.2752,0.274,0.2746,115377.1,0.27241692739623297,0.2753975618761756,58.42050249494324,-0.000952320734251999,-0.0017504799823276128,0.0016455845397476657,0.0,-287498.9,0.4615384615384609,0.4615384615384609,0.0,-15383.858629999995,0.0011999999999999789,1
2026-05-13 14:35:00,0.2745,0.2746,0.2731,0.2733,167927.2,0.2725010295489727,0.27531530454769815,50.944724739776866,-0.0007820253362853524,-0.0015567890531191608,0.001635185644051404,-0.004734158776402153,52550.100000000006,0.12499999999998612,0.8125000000000139,-0.6875000000000278,-15585.371270000001,0.0015000000000000013,1
2026-05-13 14:40:00,0.2732,0.2748,0.273,0.2738,175987.2,0.2726247410204991,0.2752558808399453,53.41393707625993,-0.0005998050064108251,-0.0013653922437774938,0.0016469580980477299,0.0018294914013903263,8060.0,0.42105263157893724,0.5263157894736934,-0.10526315789475615,-15479.778950000004,0.0017999999999999683,1
2026-05-13 14:45:00,0.2737,0.2739,0.2731,0.2731,42857.2,0.2726700037804516,0.2751713364932808,49.64627366956337,-0.0005060448618491309,-0.0011935227673918213,0.0015864610910443183,-0.0025566106647186837,-133130.0,0.0,0.8888888888888848,-0.8888888888888848,-15505.493270000003,0.0007999999999999674,0
2026-05-13 14:50:00,0.2731,0.2745,0.2729,0.2736,55401.7,0.27275857484898003,0.2751097154543286,52.237816139630844,-0.0003869331262313369,-0.0010322048391597245,0.0015874281559697273,0.0018308311973636027,12544.5,0.4117647058823618,0.529411764705875,-0.11764705882351323,-15477.792420000003,0.0016000000000000458,0
2026-05-13 14:55:00,0.2736,0.2736,0.2723,0.2725,148245.4,0.2727339486728867,0.27500737367180594,46.56039937004286,-0.00037695175928026403,-0.0009011542231838325,0.0015668975734004626,-0.004020467836257313,92843.7,0.1428571428571644,0.7857142857142654,-0.642857142857101,-15640.862360000003,0.0013000000000000234,1
2026-05-13 15:00:00,0.2725,0.273,0.272,0.2721,128594.8,0.27267357260880226,0.27489335901800965,44.65961552086154,-0.0003967446853524459,-0.0008002723156175552,0.001526404889586144,-0.0014678899082569696,-19650.59999999999,0.09090909090908082,0.8181818181818283,-0.7272727272727475,-15692.300280000005,0.0010000000000000009,1
2026-05-13 15:05:00,0.272,0.272,0.2702,0.2711,80564.9,0.2725237085508211,0.2747445998408328,40.23711802839536,-0.0004875027364306117,-0.0007377183997801665,0.001553090254615706,-0.00367511944138188,-48029.90000000001,0.4736842105263161,0.4736842105263161,0.0,-15764.808690000005,0.0018000000000000238,1
2026-05-13 15:10:00,0.2712,0.2714,0.27,0.2713,82786.6,0.2724071648793143,0.2746095174941335,41.48517160791632,-0.0005370994689114506,-0.0006975946136064233,0.0015421552364288666,0.0007377351530799547,2221.7000000000116,0.8666666666666701,0.06666666666666124,0.8000000000000089,-15756.530030000005,0.0013999999999999568,1
2026-05-13 15:15:00,0.2713,0.2713,0.27,0.27,79192.2,0.27217791108128436,0.2744287521022067,36.19416504551434,-0.000673540219784885,-0.0006927837348421157,0.0015248584338268024,-0.004791743457427056,-3594.4000000000087,0.0,0.9285714285714269,-0.9285714285714269,-15859.479890000002,0.0012999999999999678,1
2026-05-13 15:20:00,0.2699,0.2705,0.2695,0.2703,52239.1,0.2719990624068763,0.2742668402550613,38.154437944564535,-0.0007488309480215283,-0.0007039931774779983,0.0014873685456963167,0.0011111111111110628,-26953.1,0.727272727272697,0.1818181818182121,0.5454545454544849,-15838.584250000002,0.0010000000000000009,1
2026-05-13 15:25:00,0.2702,0.2705,0.2692,0.2701,96334.6,0.27181819932050716,0.2741034347548628,37.331021682414814,-0.0008152401402523046,-0.0007262425700328597,0.0014739850781465816,-0.0007399186089529497,44095.50000000001,0.6428571428571406,0.28571428571428914,0.35714285714285143,-15848.21771,0.0013000000000000234,0
2026-05-13 15:30:00,0.27,0.27,0.2689,0.2694,62235.2,0.271587894623316,0.2739189863331035,34.522789646969144,-0.0009138201040769789,-0.0007637580768416835,0.0014544147154218283,-0.0025916327286191754,-34099.40000000001,0.41666666666665125,0.5000000000000185,-0.08333333333336729,-15885.558830000004,0.0011000000000000454,1
2026-05-13 15:35:00,0.2694,0.2696,0.2686,0.2686,108031.2,0.2713033332306192,0.2737103986337661,31.597354551770323,-0.0010444588779671693,-0.0008198982370667807,0.0014219565214631264,-0.0029695619896064063,45796.0,0.0,0.9090909090909092,-0.9090909090909092,-15971.98379,0.0010000000000000009,1
2026-05-13 15:40:00,0.2687,0.2699,0.2687,0.2693,52199.1,0.27111253958960785,0.2735374418245988,36.65544521508702,-0.0010790680725766832,-0.0008717322041687613,0.001413245341358615,0.002606105733432562,-55832.1,0.4615384615384609,0.4615384615384609,0.0,-15940.664330000001,0.0011999999999999789,1
2026-05-13 15:45:00,0.2694,0.2696,0.268,0.2685,271709.5,0.2708637262953595,0.2733398950863793,33.59770907143623,-0.001157704130204329,-0.0009289265893758749,0.001426584959832999,-0.002970664686223423,219510.4,0.2941176470588255,0.6470588235294095,-0.352941176470584,-16185.20287999999,0.0015999999999999903,1
2026-05-13 15:50:00,0.2684,0.2691,0.2676,0.2682,179850.3,0.2706100380767538,0.273138330573188,32.502750779069416,-0.0012300519915342534,-0.0009891516698075505,0.001431828891273499,-0.0011173184357542443,-91859.20000000001,0.37499999999999306,0.562500000000007,-0.18750000000001393,-16221.172939999997,0.0015000000000000013,1
2026-05-13 15:55:00,0.2683,0.2683,0.2656,0.2663,278207.5,0.27019955825992015,0.27287016074678844,26.591851954893926,-0.0014242840539262502,-0.0010761781466312906,0.0015224125418968192,-0.0070842654735272514,98357.20000000001,0.2499999999999941,0.71428571428572,-0.46428571428572585,-16777.587939999998,0.00269999999999998,2
2026-05-13 16:00:00,0.2663,0.269,0.2661,0.2688,215348.4,0.2700662669970706,0.27271054659985555,41.63274899048823,-0.0013607988144450078,-0.0011331022801940342,0.0016208116460470475,0.009387908374014264,-62859.100000000006,0.8999999999999894,0.06666666666667753,0.8333333333333118,-16239.216939999997,0.0029000000000000137,1
2026-05-13 16:05:00,0.2689,0.2689,0.2674,0.2677,151206.3,0.2698409082354448,0.2725140545763318,37.94840356379489,-0.0013833012756554464,-0.0011831420792863168,0.0016121822427579687,-0.0040922619047618625,-64142.100000000006,0.1874999999999857,0.7500000000000122,-0.5625000000000265,-16420.66449999999,0.0014999999999999458,1
2026-05-13 16:10:00,0.2678,0.2685,0.2673,0.2678,131760.0,0.2696465360225453,0.27232918969098546,38.48139925689691,-0.0013771900840037765,-0.0012219516802298087,0.0015827406539895446,0.00037355248412396236,-19446.29999999999,0.38461538461537476,0.5384615384615503,-0.15384615384617556,-16420.66449999999,0.0012000000000000344,1
2026-05-13 16:15:00,0.2679,0.2681,0.2675,0.2679,84071.6,0.26948019925849337,0.2721554959776135,39.04524848334436,-0.0013487304314675486,-0.0012473074304773567,0.0015125448929902907,0.00037341299477233747,-47688.399999999994,0.5714285714285964,0.28571428571425855,0.2857142857143378,-16420.66449999999,0.0005999999999999894,1
2026-05-13 16:20:00,0.268,0.2695,0.2679,0.269,52297.5,0.2694344659957797,0.272031751037315,45.015271353526785,-0.0012233135477828228,-0.00124250865393845,0.0015187916863481264,0.004106009705113767,-31774.100000000006,0.6470588235294095,0.2941176470588255,0.352941176470584,-16368.366999999991,0.0015999999999999903,1
2026-05-13 16:25:00,0.2691,0.2699,0.2689,0.2699,20781.8,0.2694788025676102,0.27194815295742025,49.383404504168375,-0.0010393166896505712,-0.0012018702610808744,0.0014817351373232603,0.0033457249070629747,-31515.7,0.9090909090909092,0.0,0.9090909090909092,-16351.741559999991,0.0010000000000000009,1
2026-05-13 16:30:00,0.2699,0.2701,0.2687,0.2692,66272.1,0.2694522499421235,0.2718403822532077,46.30236564231248,-0.0009391559980694297,-0.0011493274084785855,0.0014758969132287424,-0.002593553167839824,45490.3,0.3333333333333309,0.600000000000003,-0.2666666666666721,-16398.13202999999,0.0014000000000000123,1
2026-05-13 16:35:00,0.2691,0.2691,0.2682,0.2688,46512.3,0.2693901309000165,0.27172115157661136,44.5903654253685,-0.0008818887212116433,-0.0010958396710251971,0.0014419042765695465,-0.0014858841010401136,-19759.800000000003,0.5999999999999822,0.30000000000001886,0.29999999999996335,-16412.085719999992,0.0009000000000000119,1
2026-05-13 16:40:00,0.2687,0.2687,0.268,0.2681,29303.8,0.2692672612904911,0.2715791456324305,41.68561027037171,-0.0008828116385314333,-0.0010532340645264444,0.0013960539711002906,-0.0026041666666666297,-17208.500000000004,0.12499999999998959,0.750000000000007,-0.6250000000000174,-16429.66799999999,0.0006999999999999784,1
2026-05-13 16:45:00,0.2681,0.2682,0.2676,0.2677,44957.1,0.26911799831044436,0.271427022274296,40.07892362547072,-0.000905383022317241,-0.0010236638560846038,0.001339192973164555,-0.0014919806042521522,15653.3,0.14285714285712928,0.7142857142857256,-0.5714285714285964,-16447.65083999999,0.0005999999999999894,1
2026-05-13 16:50:00,0.2677,0.2677,0.2671,0.2677,99004.6,0.2689829508523068,0.2712808645380491,40.07892362547072,-0.0009127493996728964,-0.0010014809648022623,0.0012863934750813716,0.0,54047.50000000001,0.8571428571428549,0.0,0.8571428571428549,-16447.65083999999,0.0005999999999999894,1
2026-05-13 16:55:00,0.2678,0.2681,0.2674,0.2674,97952.8,0.26883219362827754,0.2711286737718511,38.77884238837789,-0.0009320506993142352,-0.000987594911704657,0.0012445082268612722,-0.001120657452371887,-1051.800000000003,0.0,0.8749999999999966,-0.8749999999999966,-16486.83195999999,0.0006999999999999784,1
2026-05-13 17:00:00,0.2675,0.2689,0.2675,0.2683,63365.6,0.26878150852082255,0.27101774538864126,44.58619687504998,-0.000864756267986877,-0.000963027182961101,0.0012627576392283204,0.0033657442034402685,-34587.200000000004,0.5333333333333269,0.40000000000000446,0.13333333333332242,-16436.13947999999,0.0013999999999999568,1
2026-05-13 17:05:00,0.2684,0.2685,0.2677,0.268,65050.3,0.26870707913788705,0.270899402432224,43.11795246067019,-0.0008261095623260384,-0.0009356436588340885,0.0012297035221405849,-0.001118151323145633,1684.7000000000044,0.3333333333333498,0.5555555555555419,-0.22222222222219212,-16462.15959999999,0.0008000000000000229,1
2026-05-13 17:10:00,0.2681,0.2681,0.2674,0.2677,48891.2,0.2686111668390407,0.270773935670176,41.641206093212624,-0.0008103480742746583,-0.0009105845419222025,0.0011918675562733985,-0.0011194029850747356,-16159.100000000006,0.3749999999999688,0.5000000000000278,-0.12500000000005895,-16481.71607999999,0.0006999999999999784,1
2026-05-13 17:15:00,0.2678,0.2681,0.2671,0.2681,60846.8,0.26856248428294155,0.27066907544781615,44.37665317992203,-0.000756855762276798,-0.0008798387859931217,0.0011781627308252985,0.0014942099364960715,11955.600000000006,0.9090909090909092,0.0,0.9090909090909092,-16463.46203999999,0.0010000000000000009,1
2026-05-13 17:20:00,0.2681,0.2686,0.2681,0.2681,31269.6,0.26851843816075666,0.27056832739103903,44.37665317992203,-0.0007063206943323519,-0.0008451351676609678,0.0011297225357663487,0.0,-29577.200000000004,0.0,0.8333333333333334,-0.8333333333333334,-16463.46203999999,0.0005000000000000004,1
2026-05-13 17:25:00,0.2681,0.2692,0.2681,0.2687,30498.6,0.26853572976449414,0.270495059650214,48.57034263293481,-0.0006108152058365013,-0.0007982711752960746,0.001127599497497323,0.0022379709063782283,-771.0,0.4999999999999954,0.4166666666666705,0.08333333333332488,-16445.162879999993,0.0010999999999999899,1
2026-05-13 17:30:00,0.2688,0.2692,0.2679,0.2679,38482.6,0.26847518407263754,0.2703932926051075,43.82581902609813,-0.0005928457751820382,-0.0007571860952732673,0.001139913819104655,-0.0029772981019723366,7984.0,0.0,0.9285714285714269,-0.9285714285714269,-16479.79721999999,0.0012999999999999678,2
2026-05-13 17:35:00,0.2679,0.2687,0.2679,0.2683,61616.7,0.2684584998752435,0.27031120269902487,46.632868041187244,-0.0005401022523025545,-0.0007137693266791248,0.0011156342605971772,0.001493094438222986,23134.1,0.44444444444441156,0.44444444444447323,-6.167288901792745e-14,-16455.15053999999,0.0007999999999999674,2
2026-05-13 17:40:00,0.2683,0.2686,0.2678,0.2683,102215.7,0.2684434046490298,0.27023233200494545,46.632868041187244,-0.0004926239679690081,-0.0006695402549371015,0.001093088956268809,0.0,40599.0,0.5555555555555419,0.3333333333333498,0.22222222222219212,-16455.15053999999,0.0008000000000000229,2
2026-05-13 17:45:00,0.2681,0.2691,0.2678,0.2691,31214.8,0.2685059375395984,0.2701879268282809,52.17603762684615,-0.0003859942697821417,-0.0006128310579061096,0.0011078683165353243,0.002981736861721984,-71000.9,0.9285714285714297,0.0,0.9285714285714297,-16423.93573999999,0.0013000000000000234,1
2026-05-13 17:50:00,0.269,0.2705,0.269,0.27,58196.6,0.26864822920249376,0.2701805571487405,57.52155907167312,-0.00022625881656129776,-0.0005355166096371473,0.0011358777224970869,0.0033444816053511683,26981.8,0.625,0.3125,0.3125,-16365.73913999999,0.0015000000000000013,1
2026-05-13 17:55:00,0.27,0.2706,0.2698,0.2703,85647.4,0.2688055407070182,0.2701852411821232,59.16022814059243,-7.459988521663075e-05,-0.000443333264753044,0.0011118864566044395,0.0011111111111110628,27450.799999999996,0.5555555555555419,0.3333333333333498,0.22222222222219212,-16340.044919999993,0.0008000000000000229,1
2026-05-13 18:00:00,0.2703,0.2714,0.2703,0.2713,48419.3,0.26904310825873073,0.2702289572141968,64.12779970132526,0.00012484343575391854,-0.0003296979246516515,0.001111037423989836,0.0036995930447649705,-37228.09999999999,0.833333333333341,0.08333333333332485,0.7500000000000162,-16291.625619999993,0.0010999999999999899,1
2026-05-13 18:05:00,0.2712,0.272,0.2712,0.272,51912.3,0.2693247169959945,0.2702984098724636,67.14080863746148,0.00033552018653421056,-0.0001966543024144791,0.0010888204651334206,0.002580169553999312,3493.0,0.8888888888888917,0.0,0.8888888888888917,-16250.095779999992,0.0008000000000000229,1
2026-05-13 18:10:00,0.272,0.2724,0.2717,0.2717,23800.9,0.2695509344249474,0.27035337419119054,64.63516577891556,0.00047282510311097425,-6.275842130938844e-05,0.0010610475747667462,-0.0011029411764706953,-28111.4,0.0,0.8749999999999966,-0.8749999999999966,-16257.236049999992,0.0006999999999999784,1
2026-05-13 18:15:00,0.2718,0.272,0.2708,0.2716,53669.9,0.2697460835273333,0.27040226147781055,63.780718177046595,0.0005670346519603964,6.320019334456852e-05,0.0010709727479976954,-0.0003680529996319404,29869.0,0.6153846153846168,0.3076923076923084,0.3076923076923084,-16267.970029999991,0.0012000000000000344,1
2026-05-13 18:20:00,0.2717,0.2721,0.2716,0.2719,44088.4,0.26995121842949205,0.27046099632181797,65.26425760028579,0.0006583152426321015,0.00018222320320207514,0.0010301889802835742,0.0011045655375550023,-9581.5,0.49999999999994454,0.3333333333333889,0.16666666666655566,-16259.152349999993,0.0005000000000000004,1
2026-05-13 18:25:00,0.272,0.273,0.2719,0.273,105319.1,0.2702415785790642,0.2705605650935114,70.10022429572308,0.0008100784946667994,0.00030779426149502,0.0010351754816918936,0.004045605001839148,61230.700000000004,0.9166666666666697,0.0,0.9166666666666697,-16153.833249999992,0.0011000000000000454,1
2026-05-13 18:30:00,0.2729,0.2733,0.2726,0.2728,26810.0,0.2704852377620105,0.27064838607023645,68.23998992740408,0.0009037952477461975,0.0004269944587452555,0.0010112343758567567,-0.000732600732600841,-78509.1,0.24999999999997918,0.6250000000000174,-0.37500000000003825,-16156.514249999993,0.0006999999999999784,1
2026-05-13 18:35:00,0.2729,0.2741,0.2726,0.2741,140150.6,0.27082950083229523,0.2707837434792468,73.21542492941559,0.0010706240970506653,0.0005557203864063375,0.0010461462061527027,0.004765395894428259,113340.6,0.9375,0.0,0.9375,-15988.333529999989,0.0015000000000000013,0
2026-05-13 18:40:00,0.274,0.2747,0.2735,0.2738,222399.2,0.27111240551493376,0.27090202804868807,70.47177789362478,0.0011651979921233901,0.000677615907549748,0.0010571357628560796,-0.0010944910616563774,82248.6,0.2307692307692091,0.6923076923077127,-0.46153846153850364,-16032.813369999996,0.0011999999999999789,0
2026-05-13 18:45:00,0.2737,0.2741,0.2712,0.2714,276301.6,0.27113979546589245,0.27092155636050425,53.27270395778781,0.001034562747611989,0.0007490052755621963,0.001188768922652075,-0.00876552227903582,53902.399999999965,0.06666666666665902,0.9000000000000079,-0.8333333333333489,-16668.307050000003,0.0029000000000000137,1
2026-05-13 18:50:00,0.2714,0.2715,0.2707,0.2707,107378.5,0.2710979101834265,0.2709128678757786,49.479658800792535,0.0008645828523667354,0.0007721207909231042,0.0011609997138912142,-0.002579218865143673,-168923.09999999998,0.0,0.8888888888888917,-0.8888888888888917,-16743.472,0.0008000000000000229,1
2026-05-13 18:55:00,0.2707,0.2716,0.2706,0.2714,97259.6,0.2711266806421478,0.2709319710963363,53.077554692182815,0.0007773953805664258,0.0007731757088517686,0.001149499734327556,0.002585888437384387,-10118.899999999994,0.727272727272697,0.1818181818182121,0.5454545454544849,-16675.390280000003,0.0010000000000000009,1
2026-05-13 19:00:00,0.2714,0.2718,0.271,0.2711,32478.8,0.27112413962860993,0.27093856046510745,51.388453141576285,0.0006762952772406683,0.0007537996225295486,0.001124535467589871,-0.001105379513632876,-64780.8,0.11111111111110289,0.7777777777777819,-0.666666666666679,-16685.133920000004,0.0007999999999999674,1
2026-05-13 19:05:00,0.271,0.271,0.2696,0.2702,67284.2,0.27103612633064705,0.27090959730961306,46.5975851658727,0.0005175838540966149,0.000706556468842962,0.0011513543627620232,-0.0033198081888602404,34805.399999999994,0.39999999999998964,0.5333333333333442,-0.13333333333335456,-16738.961280000007,0.0014000000000000123,1
2026-05-13 19:10:00,0.2701,0.2706,0.2699,0.2699,56182.3,0.2709279238229664,0.27087000525825566,45.08862062004782,0.00036340728207095996,0.0006379266314885616,0.001119114765421881,-0.0011102886750555818,-11101.899999999994,0.0,0.8750000000000052,-0.8750000000000052,-16750.197740000007,0.0007000000000000339,1
2026-05-13 19:15:00,0.2699,0.2702,0.2696,0.27,27139.2,0.270839550125541,0.27083588740499076,45.719609947312605,0.0002464494859589217,0.0005596312023826337,0.0010820351393203173,0.00037050759540591116,-29043.100000000002,0.5714285714285964,0.28571428571425855,0.2857142857143378,-16747.483820000005,0.0005999999999999894,1
2026-05-13 19:20:00,0.27,0.2702,0.2697,0.2699,20514.5,0.27075006916120375,0.2707991859381284,45.160746817375184,0.0001440301358887064,0.0004765109890838482,0.0010404612007974376,-0.0003703703703705763,-6624.700000000001,0.33333333333329634,0.5000000000000371,-0.16666666666674074,-16749.535270000008,0.0005000000000000004,1
2026-05-13 19:25:00,0.2699,0.2705,0.2697,0.2702,87628.7,0.2706976816220415,0.27077568845035865,47.24417852853311,8.607731021104126e-05,0.00039842425330928683,0.0010232854007404793,0.0011115227862172894,67114.2,0.5555555555555419,0.3333333333333498,0.22222222222219212,-16723.246660000004,0.0008000000000000229,1
2026-05-13 19:30:00,0.2703,0.2709,0.2702,0.2708,68645.1,0.27070742622946614,0.27077664184446226,51.23456126731267,8.755498456369804e-05,0.0003362503995601691,0.001000193586401872,0.0022205773501109416,-18983.59999999999,0.750000000000007,0.12499999999998959,0.6250000000000174,-16688.924110000004,0.0006999999999999784,1
2026-05-13 19:35:00,0.2707,0.2721,0.2706,0.2712,51223.5,0.27075433801713605,0.2707932441250716,53.746352684649985,0.00011962376094187821,0.00029292507183651095,0.0010358940445160242,0.001477104874446189,-17421.600000000006,0.37499999999999306,0.562500000000007,-0.18750000000001393,-16663.312360000004,0.0015000000000000013,1
2026-05-13 19:40:00,0.2711,0.2711,0.2704,0.2704,50230.6,0.27072059153931355,0.2707778227868335,48.37919057038915,7.956797307928642e-05,0.00025025365208506604,0.0010190444699077384,-0.002949852507374673,-992.9000000000015,0.0,0.8750000000000052,-0.8750000000000052,-16698.473780000004,0.0007000000000000339,1
2026-05-13 19:45:00,0.2704,0.2709,0.27,0.2701,39148.5,0.2706614875831885,0.2707512415010753,46.50376521187455,2.3346851841299365e-05,0.0002048722920363127,0.001010541293485754,-0.001109467455621127,-11082.099999999999,0.09999999999999334,0.8000000000000023,-0.700000000000009,-16710.218330000003,0.0008999999999999564,1
2026-05-13 19:50:00,0.2701,0.2703,0.2697,0.2703,36829.1,0.2706270601943134,0.2707335457559351,47.95232344049825,-5.012680203697606e-06,0.00016289529758831066,0.0009812169153796278,0.0007404664938910344,-2319.4000000000015,0.8571428571428549,0.0,0.8571428571428549,-16702.852510000004,0.0005999999999999894,1
2026-05-13 19:55:00,0.2701,0.2703,0.2699,0.27,21937.3,0.27056734017580736,0.27070477925570235,45.94274207026795,-5.1106186162608314e-05,0.00012009500083812687,0.0009397014214239409,-0.0011098779134294245,-14891.8,0.2000000000000844,0.5999999999999202,-0.39999999999983576,-16705.046240000003,0.00040000000000001146,1
2026-05-13 20:00:00,0.2701,0.2706,0.2699,0.2699,38417.0,0.2705037839685876,0.2706732192848905,45.26182931115607,-9.461413315420275e-05,7.715317403966095e-05,0.0009225798913222333,-0.0003703703703705763,16479.7,0.0,0.8750000000000052,-0.8750000000000052,-16712.729640000005,0.0007000000000000339,1
2026-05-13 20:05:00,0.2699,0.2702,0.2691,0.27,73754.6,0.2704558045430078,0.2706468185286203,46.121777922056836,-0.0001196461242939928,3.7793314372930203e-05,0.0009352527562277873,0.00037050759540591116,35337.600000000006,0.7500000000000162,0.1666666666666497,0.5833333333333666,-16705.354180000002,0.0010999999999999899,1
2026-05-13 20:10:00,0.27,0.2706,0.27,0.2702,25790.0,0.2704314422055785,0.27062929623338033,47.885206678494036,-0.0001219401786138885,5.846615775566461e-06,0.0009113061307829447,0.0007407407407407085,-47964.600000000006,0.28571428571425855,0.5714285714285964,-0.2857142857143378,-16700.196180000003,0.0005999999999999894,1
2026-05-13 20:15:00,0.2701,0.2708,0.27,0.2708,16362.1,0.2704665429479044,0.270635990498738,52.86897126650693,-7.448463509113212e-05,-1.0219634397773256e-05,0.0009033556928698749,0.0022205773501109416,-9427.9,0.8888888888888848,0.0,0.8888888888888848,-16688.742710000002,0.0007999999999999674,1
2026-05-13 20:20:00,0.2708,0.2708,0.2702,0.2704,8806.2,0.27046020552429445,0.2706267359693757,49.472310915724435,-6.83643701078207e-05,-2.1848581539782748e-05,0.0008816874290934545,-0.001477104874446078,-7555.9,0.28571428571425855,0.5714285714285964,-0.2857142857143378,-16692.265190000002,0.0005999999999999894,1
2026-05-13 20:25:00,0.2704,0.2704,0.2695,0.2695,28065.9,0.2703687573791235,0.2705825502450865,42.808157331114536,-0.0001345850813589955,-4.43958815036253e-05,0.0008829954698724903,-0.003328402366863714,19259.7,0.0,0.8999999999999956,-0.8999999999999956,-16717.5245,0.0008999999999999564,1
2026-05-13 20:30:00,0.2696,0.2704,0.2696,0.2703,62653.3,0.27036220905730224,0.27057146984331837,49.34059195203826,-0.00012111600805025935,-5.973990681295211e-05,0.0008842100791673094,0.0029684601113171283,34587.4,0.7777777777777819,0.11111111111110289,0.666666666666679,-16673.66719,0.0007999999999999674,0
2026-05-13 20:35:00,0.2704,0.2705,0.27,0.2702,21831.4,0.27034676057565443,0.27055690239848235,48.59343256538681,-0.00011716028385627686,-7.122398222161706e-05,0.0008567665020839302,-0.00036995930447647485,-40821.9,0.33333333333329634,0.5000000000000371,-0.16666666666674074,-16678.03347,0.0005000000000000004,0
2026-05-13 20:40:00,0.2703,0.2703,0.2696,0.2697,18072.4,0.270285164330354,0.2705232983828556,44.929907918815495,-0.00015261194970023206,-8.750157571734007e-05,0.0008455688947922194,-0.0018504811250925624,-3759.0,0.12499999999998959,0.750000000000007,-0.6250000000000174,-16688.87691,0.0006999999999999784,0
2026-05-13 20:45:00,0.2698,0.2699,0.2684,0.2686,96652.8,0.2701246724893679,0.2704478749168613,38.12079078853948,-0.00026639759160412835,-0.00012328077889469773,0.0008923139737356284,-0.004078605858361062,78580.4,0.12499999999999047,0.8125000000000074,-0.687500000000017,-16804.860269999997,0.0014999999999999458,0
2026-05-13 20:50:00,0.2686,0.2686,0.2675,0.2679,198426.1,0.2699127989189519,0.270347958253455,34.53410359493155,-0.0004083504723937925,-0.00018029471759451672,0.0009071486898973685,-0.002606105733432562,101773.3,0.3333333333333457,0.5833333333333203,-0.24999999999997458,-16943.75853999999,0.0010999999999999899,0
2026-05-13 20:55:00,0.2679,0.2679,0.2668,0.2674,186222.3,0.2696734847361946,0.2702323520474371,32.20338534166444,-0.0005547995901361569,-0.00025519569210284476,0.0009209237834761311,-0.0018663680477790656,-12203.800000000017,0.5000000000000185,0.41666666666665125,0.08333333333336729,-17036.869689999992,0.0011000000000000454,1
2026-05-13 21:00:00,0.2674,0.2674,0.2658,0.2665,107230.1,0.2693712480946523,0.2700859853004788,28.477718844835977,-0.0007350112967419165,-0.0003511588130306591,0.0009694292275135536,-0.0033657442034406015,-78992.19999999998,0.4117647058823618,0.529411764705875,-0.11764705882351323,-17133.376779999995,0.0016000000000000458,1
2026-05-13 21:05:00,0.2666,0.2667,0.2648,0.265,83208.0,0.2689549387523045,0.26988653489653847,23.58106600693519,-0.0009874847273105836,-0.000478423995886644,0.0010358985684054435,-0.0056285178236398226,-24022.100000000006,0.10000000000001612,0.8499999999999843,-0.7499999999999682,-17266.509579999994,0.0019000000000000128,1
2026-05-13 21:10:00,0.265,0.2651,0.264,0.2651,127136.2,0.26858780172827545,0.2696988276456938,24.512946063145634,-0.001166060950949177,-0.0006159513868991506,0.0010404772420907684,0.00037735849056597104,43928.2,0.916666666666666,0.0,0.916666666666666,-17253.795959999996,0.0010999999999999899,1
2026-05-13 21:15:00,0.265,0.2651,0.2644,0.2644,100859.0,0.2681889634684397,0.26949103048311757,22.44925928631723,-0.0013485231096295736,-0.0007624657314452353,0.0010161574390842834,-0.0026405130139569577,-26277.199999999997,0.0,0.8749999999999966,-0.8749999999999966,-17314.311359999996,0.0006999999999999784,1
2026-05-13 21:20:00,0.2644,0.265,0.2643,0.2645,76546.0,0.2678376336143026,0.2692953037975051,23.44084902459825,-0.0014681327996540205,-0.0009035991450869924,0.0009935747648639798,0.0003782148260211837,-24313.0,0.25000000000003125,0.624999999999974,-0.37499999999994277,-17306.656759999998,0.0007000000000000339,1
2026-05-13 21:25:00,0.2644,0.2651,0.2644,0.2649,17223.4,0.267557858984369,0.269122938942701,27.437558979468363,-0.0015132044052327265,-0.0010255201971161392,0.0009726051388022653,0.0015122873345936316,-59322.6,0.6250000000000174,0.24999999999997918,0.37500000000003825,-17298.045059999997,0.0006999999999999784,1
2026-05-13 21:30:00,0.2649,0.2651,0.2646,0.2647,10289.1,0.26728568193823865,0.26894949035671273,26.687377882729976,-0.0015472268380338772,-0.0011298615252996868,0.0009388476288878179,-0.0007550018875048803,-6934.300000000001,0.16666666666664817,0.6666666666666852,-0.500000000000037,-17300.10288,0.0005000000000000004,1
2026-05-13 21:35:00,0.2647,0.2654,0.2646,0.2654,30449.0,0.2671060931822159,0.2688102946564495,33.53680984639446,-0.0015004099197096221,-0.001203971204181674,0.0009289299411101182,0.0026445032111825917,20159.9,0.8888888888888917,0.0,0.8888888888888917,-17278.788579999997,0.0008000000000000229,1
2026-05-13 21:40:00,0.2655,0.2657,0.265,0.2654,16623.7,0.26694360811724294,0.26867655761109854,33.53680984639446,-0.001446631309401869,-0.0012525032252257132,0.0009125778024593939,0.0,-13825.3,0.5000000000000278,0.3749999999999688,0.12500000000005895,-17280.450949999995,0.0006999999999999784,1
2026-05-13 21:45:00,0.2652,0.2652,0.2647,0.2652,19747.3,0.26677755020131505,0.26854022201850647,32.52974421681854,-0.0014039656596234185,-0.0012827957121052543,0.0008973936737122967,-0.0007535795026376579,3123.5999999999985,0.8333333333333334,0.0,0.8333333333333334,-17280.450949999995,0.0005000000000000004,1
2026-05-13 21:50:00,0.2652,0.2653,0.265,0.265,8763.4,0.2666082597059517,0.2684013897824866,31.510732431183982,-0.0013704929635334762,-0.0013003351623908988,0.0008547226970185589,-0.0007541478129712287,-10983.9,0.0,0.7499999999999793,-0.7499999999999793,-17282.203629999996,0.00029999999999996696,1
2026-05-13 21:55:00,0.2649,0.2649,0.2639,0.2641,77801.5,0.2663693778291944,0.26823270783023223,27.357616842715032,-0.001400444635103637,-0.0013203570569334465,0.0008722425043743753,-0.0033962264150944055,69038.1,0.18181818181816164,0.7272727272727475,-0.5454545454545858,-17344.444829999997,0.0010000000000000009,1
2026-05-13 22:00:00,0.2641,0.2647,0.2636,0.2637,44882.9,0.2661151513692711,0.26805495458198786,25.73420594168971,-0.0014398603933412635,-0.00134425772421501,0.000888510896919062,-0.0015145778114351582,-32918.6,0.08333333333332485,0.833333333333341,-0.7500000000000162,-17362.397989999998,0.0010999999999999899,1
2026-05-13 22:05:00,0.2638,0.2639,0.2626,0.2634,469849.9,0.26585656552457865,0.26787240734347856,24.55720948119027,-0.001478264643888172,-0.0013710591081496424,0.0009179029757105593,-0.0011376564277586487,424967.0,0.5714285714285783,0.3571428571428515,0.2142857142857268,-17550.337949999976,0.0013000000000000234,1
2026-05-13 22:10:00,0.2635,0.2646,0.2635,0.2644,138247.3,0.2657178449984283,0.26773623450647943,35.19678635394159,-0.001411735043674034,-0.0013791942952545207,0.0009380527631598036,0.0037965072133636646,-331602.60000000003,0.7500000000000162,0.1666666666666497,0.5833333333333666,-17425.915379999973,0.0010999999999999899,1
2026-05-13 22:15:00,0.2644,0.2644,0.2642,0.2643,6604.4,0.26558281214143514,0.2676014802121077,34.67022622457762,-0.0013514997723533262,-0.0013736553906742819,0.0008853347086483915,-0.00037821482602129475,-131642.9,0.33333333333325943,0.33333333333344445,-1.8501866705378234e-13,-17426.575819999973,0.00020000000000003348,1
2026-05-13 22:20:00,0.2642,0.2648,0.264,0.2648,29443.6,0.2655082586041556,0.2674916182430055,39.540612329423375,-0.0012490191492689484,-0.0013487281423932153,0.0008792393723163612,0.0018917896329928574,22839.199999999997,0.8888888888888848,0.0,0.8888888888888848,-17408.909659999972,0.0007999999999999674,1
2026-05-13 22:25:00,0.2648,0.2652,0.2647,0.2648,33976.9,0.26544080540375986,0.26738606458641706,39.540612329423375,-0.0011544942263478908,-0.0013098813591841505,0.0008521508457223355,0.0,4533.300000000003,0.16666666666664817,0.6666666666666852,-0.500000000000037,-17408.909659999972,0.0005000000000000004,1
2026-05-13 22:30:00,0.2649,0.2652,0.2645,0.2647,18295.9,0.2653702525081637,0.2672807287202831,38.868488562355175,-0.0010752568169214993,-0.0012629564507316204,0.0008412829281707386,-0.0003776435045317328,-15681.0,0.24999999999997918,0.6250000000000174,-0.37500000000003825,-17412.568839999974,0.0006999999999999784,1
2026-05-13 22:35:00,0.2647,0.2651,0.2647,0.2651,8461.5,0.26534451417405286,0.2671952099469386,43.03934741716483,-0.0009690137546424227,-0.0012041679115137808,0.0008097627190156866,0.001511144692104338,-9834.400000000001,0.8000000000000045,0.0,0.8000000000000045,-17409.184239999973,0.00040000000000001146,1
2026-05-13 22:40:00,0.2652,0.2657,0.2652,0.2655,28454.7,0.26535932234795256,0.26712873112549007,46.93811809997692,-0.0008428231644848627,-0.0011318989621079973,0.0007947796676574225,0.0015088645794041344,19993.2,0.5000000000000371,0.33333333333329634,0.16666666666674074,-17400.647829999973,0.0005000000000000004,1
2026-05-13 22:45:00,0.2654,0.2656,0.2652,0.2653,15196.3,0.2653536726005285,0.2670570161793924,45.26966240402388,-0.0007503054865610204,-0.001055580266998602,0.0007665811199676075,-0.0007532956685499803,-13258.400000000001,0.19999999999997337,0.6000000000000312,-0.4000000000000578,-17402.16745999997,0.00040000000000001146,1
2026-05-13 22:50:00,0.2654,0.2657,0.2654,0.2654,2943.4,0.2653580847338115,0.2669920351527496,46.297531810274634,-0.0006612924285117061,-0.0009767226993012228,0.0007403967542556363,0.00037693177534880995,-12252.9,0.0,0.7499999999999793,-0.7499999999999793,-17402.16745999997,0.00029999999999996696,1
2026-05-13 22:55:00,0.2653,0.2655,0.2652,0.2655,5876.0,0.2653716004734485,0.26693352397028886,47.36214701138799,-0.0005760395490883585,-0.00089658606925865,0.0007089398432373782,0.00037678975131871795,2932.6,0.7500000000000141,0.0,0.7500000000000141,-17400.99225999997,0.00030000000000002247,1
2026-05-13 23:00:00,0.2656,0.2658,0.2652,0.2652,10018.7,0.2653552575712153,0.2668655426381207,44.51129555089598,-0.0005266130532542435,-0.0008225914660577688,0.000701158425863279,-0.001129943502824915,4142.700000000001,0.0,0.8571428571428549,-0.8571428571428549,-17404.99973999997,0.0005999999999999894,1
2026-05-13 23:05:00,0.2653,0.2663,0.2653,0.2663,17292.0,0.2654452330406234,0.26684336449544926,55.167296497342825,-0.00039413801460069786,-0.0007369007757663547,0.0007296471097301869,0.004147812971342368,7273.299999999999,0.9090909090909092,0.0,0.9090909090909092,-17387.70773999997,0.0010000000000000009,1
2026-05-13 23:10:00,0.2663,0.2664,0.2661,0.2663,11923.1,0.2655266394177069,0.266822056083863,55.167296497342825,-0.0002858554285946058,-0.000646691706332005,0.0006989580304637466,0.0,-5368.9,0.49999999999991684,0.2500000000000972,0.24999999999981964,-17387.70773999997,0.00030000000000002247,1
2026-05-13 23:15:00,0.2662,0.2663,0.266,0.266,2483.8,0.2655717213779253,0.2667898185903782,52.00822377633745,-0.00022169265689647721,-0.0005616918964448994,0.0006704610282877623,-0.0011265490048816273,-9439.3,0.0,0.7499999999999793,-0.7499999999999793,-17388.204499999967,0.00029999999999996696,1
2026-05-13 23:20:00,0.2659,0.2659,0.2656,0.2656,19791.7,0.2655744145800276,0.26674315903781437,48.05677829553007,-0.00020080509893471987,-0.0004895145369428636,0.0006511423834100659,-0.0015037593984962294,17307.9,0.0,0.7500000000000141,-0.7500000000000141,-17394.142009999967,0.00030000000000002247,1
2026-05-13 23:25:00,0.2657,0.2661,0.2653,0.2659,38395.4,0.2656054227152631,0.26671009397750794,51.06004228737103,-0.00015822020196826214,-0.0004232556699479433,0.0006617750703093486,0.0011295180722892262,18603.7,0.6666666666666996,0.22222222222219207,0.44444444444450754,-17386.462929999965,0.0008000000000000229,1
2026-05-13 23:30:00,0.2659,0.266,0.2656,0.2657,12288.0,0.2656144300757142,0.26667048244897823,49.02499003454914,-0.00013900730318294752,-0.00036640599659494414,0.0006430768510015388,-0.0007521624670929761,-26107.4,0.19999999999997337,0.6000000000000312,-0.4000000000000578,-17388.920529999967,0.00040000000000001146,1
2026-05-13 23:35:00,0.2658,0.2663,0.2657,0.2662,8341.5,0.2656701986399319,0.26665203215686145,53.96478848577642,-8.248429355700582e-05,-0.0003096216559873565,0.0006399999330728566,0.0018818216033120727,-3946.5,0.7142857142857256,0.14285714285712928,0.5714285714285964,-17385.583929999968,0.0005999999999999894,1
2026-05-13 23:40:00,0.2662,0.2667,0.2662,0.2667,14911.7,0.2657682749599384,0.26665391324874926,58.31505465649648,2.626147529494194e-06,-0.00024717209528398636,0.0006299999378533669,0.0018782870022540088,6570.200000000001,0.8333333333333334,0.0,0.8333333333333334,-17378.12807999997,0.0005000000000000004,1
2026-05-13 23:45:00,0.2667,0.2669,0.2664,0.2664,9632.2,0.2658284392494681,0.2666439558664454,54.95920815487589,4.534656550286842e-05,-0.0001886683631266154,0.0006207142280066979,-0.0011248593925757833,-5279.5,0.0,0.8333333333333334,-0.8333333333333334,-17381.01773999997,0.0005000000000000004,1
2026-05-13 23:50:00,0.2664,0.2672,0.2664,0.2671,19112.3,0.2659495402733283,0.2666618399501142,60.64948378211373,0.00013414066430816884,-0.00012410655763965856,0.0006335203545776458,0.0026276276276275823,9480.099999999999,0.7777777777777819,0.11111111111110289,0.666666666666679,-17367.63912999997,0.0007999999999999674,1
2026-05-13 23:55:00,0.2672,0.2673,0.2664,0.2664,46912.8,0.26599244119967796,0.2666515717167764,53.3860827268366,0.00014633956605814014,-7.001733290009884e-05,0.0006525546149649537,-0.0026207412953949127,27800.500000000004,0.0,0.8999999999999956,-0.8999999999999956,-17405.16936999997,0.0008999999999999564,1
2026-05-14 00:00:00,0.2664,0.2667,0.2655,0.2659,50502.4,0.26598363727589913,0.2666220983161185,48.88283395066742,0.00011434338291571589,-3.3145189736935895e-05,0.0006916578567531699,-0.0018768768768768762,3589.5999999999985,0.3076923076923215,0.6153846153846003,-0.30769230769227884,-17430.42056999997,0.0011999999999999789,1
2026-05-14 00:05:00,0.2658,0.267,0.2654,0.267,55350.9,0.2660804337258135,0.2666369179899962,57.39705416549815,0.0001757213775144817,8.628123713347625e-06,0.0007565394384136571,0.004136893569010924,4848.5,0.941176470588235,0.0,0.941176470588235,-17363.999489999966,0.0015999999999999903,1
2026-05-14 00:10:00,0.267,0.267,0.2664,0.2664,21827.6,0.2661108686090694,0.26662762708842774,52.2817498689017,0.00017394377923701798,4.16912548180817e-05,0.000745358049955538,-0.0022471910112359383,-33523.3,0.0,0.8571428571428549,-0.8571428571428549,-17377.096049999964,0.0005999999999999894,1
2026-05-14 00:15:00,0.2663,0.2667,0.266,0.2663,101410.0,0.2661288811224914,0.26661477896731295,51.45861052772203,0.00016259160076620427,6.587132400770621e-05,0.0007421181892444266,-0.0003753753753755751,79582.4,0.3749999999999688,0.5000000000000278,-0.12500000000005895,-17377.096049999964,0.0006999999999999784,1
2026-05-14 00:20:00,0.2662,0.2663,0.2652,0.2656,119616.6,0.2660785114917779,0.2665749837136928,45.99908208735934,9.600409226895312e-05,7.18978776599556e-05,0.0007676811757269668,-0.002628614344723945,18206.600000000006,0.3333333333333457,0.5833333333333203,-0.24999999999997458,-17448.86600999996,0.0010999999999999899,1
2026-05-14 00:25:00,0.2657,0.2662,0.2656,0.266,17456.6,0.2660710342068467,0.2665524353327637,49.30869486853734,7.464916005861522e-05,7.244813413968753e-05,0.0007557039488893256,0.001506024096385561,-102160.0,0.5714285714285964,0.28571428571425855,0.2857142857143378,-17443.62902999996,0.0005999999999999894,1
2026-05-14 00:30:00,0.2661,0.2669,0.2661,0.2668,13961.8,0.2661404595204803,0.26656214375108667,55.219897000774324,0.00012088504895296781,8.213551710234358e-05,0.0007660108096829459,0.003007518796992459,-3494.7999999999993,0.7777777777777339,0.11111111111115772,0.6666666666665763,-17433.855769999962,0.0008000000000000229,1
2026-05-14 00:35:00,0.2668,0.2672,0.2668,0.2671,21034.5,0.26623184432805364,0.26658323615300483,57.233890356104524,0.00017966376476535872,0.00010164116663494662,0.0007398671804198792,0.0011244377811094886,7072.700000000001,0.6000000000000312,0.19999999999997337,0.4000000000000578,-17427.545419999962,0.00040000000000001146,1
2026-05-14 00:40:00,0.2672,0.2674,0.2669,0.2669,63075.0,0.26629547820157234,0.2665956582646517,55.44362268638528,0.00020771359892307606,0.0001228556530925725,0.0007227338103898878,-0.0007487832272555783,42040.5,0.0,0.8333333333333334,-0.8333333333333334,-17446.46791999996,0.0005000000000000004,1
2026-05-14 00:45:00,0.2671,0.2682,0.2671,0.2682,54745.2,0.26647686122999403,0.2666585736268222,63.447188620779684,0.0003310265618793884,0.0001644898348499357,0.0007639671096477507,0.004870738104158834,-8329.800000000003,0.916666666666666,0.0,0.916666666666666,-17386.248199999958,0.0010999999999999899,1
2026-05-14 00:50:00,0.2683,0.2683,0.2672,0.2676,12099.2,0.26658382682713744,0.26669549230812334,58.24677244074829,0.0003760036518095089,0.00020679259824185034,0.0007879694589586249,-0.0022371364653243075,-42646.0,0.3333333333333457,0.5833333333333203,-0.24999999999997458,-17394.71763999996,0.0010999999999999899,1
2026-05-14 00:55:00,0.2677,0.2682,0.2676,0.268,30874.8,0.2667187004626482,0.26674664947251064,60.56724411964151,0.00043886600258880026,0.00025320727911124034,0.0007745430690330081,0.001494768310911887,18775.6,0.5714285714285964,0.28571428571425855,0.2857142857143378,-17385.455199999957,0.0005999999999999894,1
2026-05-14 01:00:00,0.268,0.2685,0.2675,0.268,38375.0,0.26684072899001504,0.26679580047358864,60.56724411964151,0.00048311581014992555,0.0002991889853189774,0.0007906471355306504,0.0,7500.200000000001,0.4545454545454546,0.4545454545454546,0.0,-17385.455199999957,0.0010000000000000009,1
2026-05-14 01:05:00,0.2682,0.2685,0.2679,0.268,29879.1,0.26695113575287077,0.26684302398442833,60.56724411964151,0.0005122788695194336,0.0003418069621590686,0.000777029482992746,0.0,-8495.900000000001,0.14285714285712928,0.7142857142857256,-0.5714285714285964,-17391.431019999956,0.0005999999999999894,1
2026-05-14 01:10:00,0.2681,0.2686,0.2675,0.2675,35396.5,0.26700340853831167,0.2668687877497449,55.73162599284231,0.0004894034445865336,0.0003713262586445616,0.0008000988056361205,-0.001865671641791078,5517.4000000000015,0.0,0.916666666666666,-0.916666666666666,-17412.668919999956,0.0010999999999999899,1
2026-05-14 01:15:00,0.2675,0.268,0.2672,0.2679,20813.3,0.26708879820132964,0.26690922744583334,58.58062559824987,0.0004978126877919764,0.0003966235444740446,0.000800091748090685,0.0014953271028037562,-14583.2,0.7777777777777957,0.11111111111109603,0.6666666666666996,-17404.343599999956,0.0008000000000000229,1
2026-05-14 01:20:00,0.268,0.2684,0.2679,0.2682,13572.7,0.26719462694406015,0.26695984597736927,60.62726060226988,0.0005226596710692366,0.00042183076979308306,0.0007786566232270646,0.0011198208286673506,-7240.5999999999985,0.49999999999994454,0.3333333333333889,0.16666666666655566,-17401.629059999956,0.0005000000000000004,1
2026-05-14 01:25:00,0.2681,0.2681,0.2678,0.2681,20214.0,0.26728085294938775,0.26700455789982536,59.570607767935634,0.0005281932372144804,0.00044310326327736256,0.0007516097215679895,-0.00037285607755399575,6641.299999999999,0.7500000000000141,0.0,0.7500000000000141,-17401.629059999956,0.00030000000000002247,1
2026-05-14 01:30:00,0.2681,0.2687,0.2681,0.2687,31844.4,0.26741600981135083,0.26707104582532243,63.662763950464615,0.0005743726039981745,0.000469357131421525,0.0007407804557417037,0.0022379709063782283,11630.400000000001,0.8571428571428549,0.0,0.8571428571428549,-17382.522419999957,0.0005999999999999894,1
2026-05-14 01:35:00,0.2686,0.2697,0.2684,0.2694,99833.9,0.26760496125788885,0.2671623773615843,67.76243232668384,0.0006598479186691875,0.0005074552888710575,0.0007807247089030083,0.002605135839225836,67989.5,0.7142857142856917,0.21428571428573526,0.49999999999995637,-17302.655299999962,0.0012999999999999678,1
2026-05-14 01:40:00,0.2694,0.27,0.2689,0.269,42485.7,0.26773782209047087,0.26723444099446336,63.36316517556114,0.0006873872914892609,0.0005434416893946982,0.0008035300868385111,-0.0014847809948030921,-57348.2,0.08333333333336726,0.8333333333333025,-0.7499999999999353,-17319.64957999996,0.0011000000000000454,1
2026-05-14 01:45:00,0.269,0.2696,0.2686,0.2695,10078.4,0.26790564855804505,0.2673232864456609,66.30770006060814,0.0007410162896646644,0.0005829566094486915,0.0008175636520643318,0.0018587360594795044,-32407.299999999996,0.8181818181818283,0.09090909090908082,0.7272727272727475,-17314.610379999962,0.0010000000000000009,1
2026-05-14 01:50:00,0.2696,0.2701,0.2691,0.2692,66861.9,0.2680289201239455,0.26739688305563497,63.03421015161198,0.0007506570570138815,0.0006164966989617295,0.0008305948197740225,-0.0011131725417440341,56783.49999999999,0.09090909090908082,0.8181818181818283,-0.7272727272727475,-17341.355139999963,0.0010000000000000009,1
2026-05-14 01:55:00,0.2692,0.2697,0.2692,0.2697,23870.1,0.26818807058833166,0.2674872013671787,66.0431141401775,0.0007895419082759036,0.0006511057408245644,0.0008069809040758781,0.001857355126300142,-42991.799999999996,0.8333333333333334,0.0,0.8333333333333334,-17329.420089999963,0.0005000000000000004,1
2026-05-14 02:00:00,0.2697,0.2704,0.2696,0.2699,36734.2,0.26835111148468105,0.267581820921407,67.19342164037602,0.0008269640349538587,0.0006862773996504233,0.000806482268070456,0.0007415647015200921,12864.099999999999,0.33333333333330867,0.5555555555555761,-0.22222222222226745,-17322.073249999965,0.0007999999999999674,1
2026-05-14 02:05:00,0.2699,0.2703,0.2699,0.27,6573.9,0.26850814848614,0.26767665147350866,67.78111567434314,0.000854836481382959,0.0007199892159969305,0.0007774478203511385,0.00037050759540591116,-30160.299999999996,0.2000000000000844,0.5999999999999202,-0.39999999999983576,-17321.415859999965,0.00040000000000001146,1
2026-05-14 02:10:00,0.2701,0.2708,0.2701,0.2703,46140.5,0.26867880101126956,0.26777952788631226,69.54379024018735,0.0008908637658344709,0.0007541641259644386,0.0007790586903260549,0.0011111111111110628,39566.6,0.24999999999997918,0.6250000000000174,-0.37500000000003825,-17312.187759999964,0.0006999999999999784,1
2026-05-14 02:15:00,0.2702,0.2702,0.2687,0.269,29082.9,0.26870939139114863,0.2678273895378294,55.39967883517472,0.0008052342734151674,0.0007643781554545844,0.0008376973553027646,-0.004809470958194506,-17057.6,0.18750000000001388,0.7499999999999861,-0.5624999999999722,-17347.087239999964,0.0015000000000000013,0
2026-05-14 02:20:00,0.2692,0.2697,0.2684,0.2685,68228.3,0.2686894493538964,0.26785376641869885,51.095308106324666,0.0006890831409109843,0.0007493191525458644,0.0008707189727811363,-0.0018587360594795044,39145.4,0.0714285714285652,0.8571428571428616,-0.7857142857142965,-17394.847049999964,0.0012999999999999678,1
2026-05-14 02:25:00,0.2683,0.2684,0.2678,0.2684,26696.0,0.2686618827487634,0.2678751873434558,50.25431876505262,0.0005822515340668244,0.0007159056288500564,0.000858524760439629,-0.0003724394785846741,-41532.3,0.8571428571428663,0.0,0.8571428571428663,-17392.177449999963,0.0006000000000000449,0
2026-05-14 02:30:00,0.2684,0.2691,0.2684,0.2691,26816.9,0.2687036082012621,0.26792321921233986,55.74531838067855,0.0005477566679175094,0.000682275836663547,0.0008472015632653682,0.0026080476900147698,120.90000000000146,0.8749999999999966,0.0,0.8749999999999966,-17373.405619999965,0.0006999999999999784,0
2026-05-14 02:35:00,0.269,0.269,0.2678,0.268,20234.9,0.26863659789638,0.26792623022362066,46.97113999169773,0.0004267392466562048,0.0006311685186620787,0.0008795443087464149,-0.0040876997398736625,-6582.0,0.15384615384617553,0.7692307692307495,-0.615384615384574,-17393.640519999964,0.0012000000000000344,1
2026-05-14 02:40:00,0.268,0.2683,0.2678,0.2682,14935.9,0.2685950171443438,0.2679369662932826,48.556580259618336,0.00034301631835564894,0.0005735380786007927,0.0008524340009788139,0.0007462686567163423,-5299.000000000002,0.6666666666666852,0.16666666666664817,0.500000000000037,-17390.653339999964,0.0005000000000000004,1
2026-05-14 02:45:00,0.2683,0.2684,0.266,0.266,149315.5,0.2683478726544063,0.26786100683080094,35.857009800400334,9.801383813895503e-05,0.00047843323050842523,0.0009629744294803282,-0.00820283370618935,134379.6,0.0,0.9600000000000003,-0.9600000000000003,-17734.078989999958,0.0024000000000000132,1
2026-05-14 02:50:00,0.266,0.2668,0.2657,0.2668,67414.8,0.2682004562111295,0.26781939871978916,41.81629663121743,-3.123897500112438e-05,0.0003764987894065153,0.0009727619702317326,0.003007518796992459,-81900.7,0.916666666666666,0.0,0.916666666666666,-17680.14714999996,0.0010999999999999899,1
2026-05-14 02:55:00,0.2668,0.2669,0.2654,0.2657,52062.9,0.26796231752435523,0.2677362850445033,36.759227966615015,-0.00021989871207661604,0.00025721928910988907,0.0010104218295008947,-0.004122938530734643,-15351.900000000001,0.18749999999997918,0.7500000000000209,-0.5625000000000417,-17737.41633999996,0.0015000000000000013,1
2026-05-14 03:00:00,0.2658,0.2671,0.2656,0.2664,34650.1,0.2678135253791785,0.26768388170942475,41.59939827023742,-0.0003093626233229285,0.00014390290662332555,0.0010453916988222595,0.0026345502446369906,-17412.800000000003,0.5000000000000139,0.4374999999999861,0.06250000000002776,-17716.626279999957,0.0015000000000000013,1
2026-05-14 03:05:00,0.2664,0.2664,0.2649,0.2657,25407.7,0.2676122372478282,0.2676060824267022,38.43174075943701,-0.00043177038713904103,2.8768247870852224e-05,0.0010778637203349554,-0.0026276276276278043,-9242.399999999998,0.4999999999999792,0.4375000000000208,0.06249999999995837,-17734.411669999958,0.0015000000000000013,1
2026-05-14 03:10:00,0.2658,0.2664,0.2657,0.2661,23866.1,0.2674682146527969,0.2675470203707531,41.18765865239487,-0.0004908446136372424,-7.515432443076671e-05,0.0010508734545967467,0.0015054572826496138,-1541.6000000000022,0.49999999999999306,0.37500000000001216,0.1249999999999809,-17727.251839999957,0.0007000000000000339,1
2026-05-14 03:15:00,0.2662,0.2665,0.2655,0.2655,16158.6,0.2672807656382448,0.26746674506209617,38.41029358443815,-0.0005793974165786975,-0.00017600294286035286,0.0010472396364112648,-0.0022547914317925244,-7707.499999999998,0.0,0.9090909090909092,-0.9090909090909092,-17738.562859999958,0.0010000000000000009,1
2026-05-14 03:20:00,0.2654,0.2654,0.264,0.265,57302.3,0.2670635498631739,0.2673700099616218,36.21849947680226,-0.000682059613566155,-0.0002772142770015133,0.001079579662381889,-0.0018832391713747842,41143.700000000004,0.6666666666666617,0.2666666666666721,0.39999999999998964,-17761.48377999996,0.0014000000000000123,1
2026-05-14 03:25:00,0.2651,0.2666,0.2651,0.266,38416.0,0.26696225940001445,0.2673162840807739,43.19951854629505,-0.0006749481198831675,-0.00035676104557784416,0.0011167525436403248,0.0037735849056603765,-18886.300000000003,0.562500000000007,0.37499999999999306,0.18750000000001393,-17726.909379999957,0.0015000000000000013,1
2026-05-14 03:30:00,0.2659,0.266,0.2655,0.2657,21631.7,0.2668420442190607,0.2672529003913318,41.72409419391178,-0.0006856163442639507,-0.00042253210531506546,0.0010726987905231588,-0.0011278195488723108,-16784.3,0.33333333333329634,0.5000000000000371,-0.16666666666674074,-17731.235719999957,0.0005000000000000004,1
2026-05-14 03:35:00,0.2657,0.266,0.2645,0.2646,17804.5,0.2666285161981978,0.2671488650818678,36.7657408119654,-0.0007739106357957937,-0.0004928078114112112,0.0011032203054857903,-0.004140007527286382,-3827.2000000000007,0.06249999999999306,0.875000000000007,-0.812500000000014,-17750.820669999957,0.0015000000000000013,1
2026-05-14 03:40:00,0.2645,0.2652,0.2644,0.2648,23750.0,0.2664543717983694,0.2670567527257161,38.20366267679677,-0.0008183131646506969,-0.0005579088820591083,0.001081561712236803,0.0007558578987150177,5945.5,0.44444444444441156,0.44444444444447323,-6.167288901792745e-14,-17743.695669999957,0.0007999999999999674,1
2026-05-14 03:45:00,0.2648,0.2648,0.263,0.2632,31561.5,0.2661444316270961,0.26690550752078607,31.945254612334708,-0.0009714112922190044,-0.0006406093640910876,0.0011328787327913145,-0.0060422960725075026,7811.5,0.105263157894727,0.8421052631579037,-0.7368421052631767,-17794.194069999958,0.0017999999999999683,1
2026-05-14 03:50:00,0.2633,0.2638,0.2631,0.2638,35097.0,0.26592115242451553,0.2667837229121278,36.16816764560519,-0.001032426505644668,-0.0007189727924018037,0.001101958823306219,0.0022796352583587254,3535.5,0.8749999999999966,0.0,0.8749999999999966,-17776.645569999957,0.0006999999999999784,1
2026-05-14 03:55:00,0.2638,0.2638,0.263,0.2635,17117.4,0.2656905664793236,0.2666549494645934,34.99877266168228,-0.0010923965274950431,-0.0007936575394204516,0.001080390335927201,-0.0011372251705836778,-17979.6,0.5555555555555761,0.33333333333330867,0.22222222222226745,-17781.780789999957,0.0007999999999999674,1
2026-05-14 04:00:00,0.2635,0.2637,0.2629,0.2632,33713.6,0.26545336967176897,0.26651946125029563,33.821145757575565,-0.001150864248004646,-0.0008650988811372905,0.0010603624547895416,-0.0011385199240987465,16596.199999999997,0.33333333333330867,0.5555555555555761,-0.22222222222226745,-17791.894869999956,0.0007999999999999674,1
2026-05-14 04:05:00,0.2633,0.2649,0.2633,0.2646,22048.2,0.2653720963696957,0.266444188260088,43.39338517830835,-0.0010718761173725277,-0.0009064543283843381,0.0011060508508760054,0.005319148936170359,-11665.399999999998,0.7647058823529342,0.17647058823530257,0.5882352941176316,-17763.232209999955,0.0016000000000000458,1
2026-05-14 04:10:00,0.2645,0.2647,0.2644,0.2644,8363.1,0.265279515763058,0.26636402401459436,42.448788844875374,-0.0010137301333459914,-0.0009279094893766687,0.0010484757900991455,-0.0007558578987149067,-13685.1,0.0,0.7499999999999793,-0.7499999999999793,-17764.068519999953,0.00029999999999996696,1
2026-05-14 04:15:00,0.2645,0.2654,0.2643,0.2651,15974.7,0.26526241902371916,0.2663144544453946,46.81276961083163,-0.0009007812269622439,-0.0009224838368937839,0.0010521560908063527,0.002647503782148286,7611.6,0.6666666666666605,0.25000000000000927,0.41666666666665125,-17754.483699999953,0.0011000000000000454,1
2026-05-14 04:20:00,0.2651,0.2651,0.2647,0.2649,7256.4,0.2652279029262221,0.26625898564361444,45.7454538087855,-0.0008179775968671366,-0.0009015825888884544,0.001005573512891614,-0.0007544322897019562,-8718.300000000001,0.40000000000005775,0.39999999999994673,1.1102230246251565e-13,-17755.934979999955,0.00040000000000001146,1
2026-05-14 04:25:00,0.265,0.2654,0.265,0.2651,27564.8,0.26521572169515334,0.2662135352262178,47.04566764509029,-0.0007278268599337778,-0.0008668314430975192,0.0009694611191136416,0.0007550018875046582,20308.4,0.19999999999997337,0.6000000000000312,-0.4000000000000578,-17753.178499999955,0.00040000000000001146,1
2026-05-14 04:30:00,0.2652,0.2656,0.2649,0.2653,27443.2,0.2652237482003768,0.2661777103153858,48.37795688588819,-0.0006329472015394466,-0.0008200545947859047,0.0009502138963198085,0.0007544322897019562,-121.59999999999854,0.49999999999995837,0.3750000000000382,0.12499999999992017,-17750.434179999957,0.0006999999999999784,1
2026-05-14 04:35:00,0.2654,0.2657,0.2652,0.2656,10422.0,0.26525958170510283,0.2661550550089001,50.394032830524125,-0.0005274665893895691,-0.0007615369937066376,0.0009180557608683937,0.0011307953260459858,-17021.2,0.6666666666666852,0.16666666666664817,0.500000000000037,-17748.349779999957,0.0005000000000000004,1
2026-05-14 04:40:00,0.2656,0.2656,0.2653,0.2655,5191.8,0.26528247868556926,0.2661293665771785,49.69729739495006,-0.0004467912768574833,-0.0006985878503368068,0.0008739089208063672,-0.0003765060240963347,-5230.2,0.5000000000000556,0.24999999999995842,0.2500000000000972,-17748.868959999956,0.00030000000000002247,1
2026-05-14 04:45:00,0.2655,0.2669,0.2653,0.2668,37091.7,0.26542700452503887,0.26615566592709305,57.85492146334197,-0.00027478878097786374,-0.0006138280364650183,0.0009257725693202014,0.004896421845574261,31899.899999999998,0.8823529411764476,0.058823529411789297,0.8235294117646583,-17700.649749999957,0.0016000000000000458,1
2026-05-14 04:50:00,0.2667,0.2673,0.2665,0.2673,25910.4,0.26560538504646375,0.26620054177308944,60.507672162447335,-9.70114547931833e-05,-0.0005104647201306513,0.0009167888143687561,0.0018740629685156662,-11181.299999999996,0.8888888888888848,0.0,0.8888888888888848,-17685.103509999957,0.0007999999999999674,1
2026-05-14 04:55:00,0.2674,0.2675,0.2671,0.2673,10361.2,0.2657667769468005,0.2662436577819879,60.507672162447335,4.3378318767939295e-05,-0.0003996961123509332,0.0008798753276281316,0.0,-15549.2,0.39999999999994673,0.40000000000005775,-1.1102230246251565e-13,-17686.139629999958,0.00040000000000001146,1
2026-05-14 05:00:00,0.2674,0.2678,0.2671,0.2677,8857.5,0.2659508934280576,0.2663007692415178,62.68674648311567,0.00018478479869454834,-0.0002827999301418369,0.0008670270899404063,0.0014964459408903785,-1503.7000000000007,0.750000000000007,0.12499999999998959,0.6250000000000174,-17683.482379999958,0.0006999999999999784,1
2026-05-14 05:05:00,0.2676,0.2677,0.2672,0.2672,13451.3,0.2660698559587188,0.26633603319283083,58.35250123170199,0.0002535815017858378,-0.00017552364375630195,0.0008408108692303772,-0.0018677624206201449,4593.799999999999,0.0,0.8333333333333334,-0.8333333333333334,-17688.862899999956,0.0005000000000000004,1
2026-05-14 05:10:00,0.2673,0.2674,0.267,0.267,10337.0,0.26615844110550746,0.26636207110683746,56.664799171183375,0.0002886378190022354,-8.269135120459448e-05,0.0008093243785710654,-0.000748502994011857,-3114.2999999999993,0.0,0.8000000000000045,-0.8000000000000045,-17691.963999999956,0.00040000000000001146,1
2026-05-14 05:15:00,0.267,0.2672,0.266,0.2662,41091.5,0.26616239909545913,0.2663557153771576,50.387102030730475,0.00024899661090682645,-1.6353758782310297e-05,0.0008372297801017021,-0.002996254681647992,30754.5,0.1538461538461394,0.7692307692307824,-0.615384615384643,-17724.837199999958,0.0011999999999999789,1
2026-05-14 05:20:00,0.2663,0.267,0.2663,0.2669,12345.6,0.2662326468006535,0.26637705987217103,55.076854298682214,0.00027094157196133617,4.1105307366419e-05,0.0008345705100944393,0.0026296018031557455,-28745.9,0.7500000000000243,0.12499999999998092,0.6250000000000434,-17717.429839999957,0.0007000000000000339,1
2026-05-14 05:25:00,0.2668,0.2682,0.2668,0.2681,128939.4,0.26641048996249606,0.26644462615169373,61.75162282263042,0.0003807737600016181,0.00010903899789345883,0.0008749583308019802,0.004496065942300342,116593.79999999999,0.8666666666666751,0.06666666666665877,0.8000000000000164,-17549.808619999952,0.0014000000000000123,1
2026-05-14 05:30:00,0.2682,0.2696,0.2682,0.2685,255853.2,0.2666094909184488,0.26652522904770576,63.68837969947661,0.000494394149377908,0.00018611002819034867,0.0009196041643161245,0.0014919806042521522,126913.80000000002,0.20000000000001333,0.7333333333333205,-0.5333333333333072,-17473.052659999947,0.0014000000000000123,1
2026-05-14 05:35:00,0.2685,0.2686,0.2678,0.2678,30770.4,0.2667228727357394,0.2665752200654428,58.14007372227665,0.0005219383957624224,0.00025327570170476343,0.0009110610097221172,-0.0026070763500932737,-225082.80000000002,0.0,0.8888888888888917,-0.8888888888888917,-17494.591939999947,0.0008000000000000229,1
2026-05-14 05:40:00,0.2678,0.268,0.2676,0.2678,22209.6,0.2668254562847166,0.26662325065111175,58.14007372227665,0.0005375706298726413,0.000310134687338339,0.000874556651884824,0.0,-8560.800000000003,0.39999999999994673,0.40000000000005775,-1.1102230246251565e-13,-17494.591939999947,0.00040000000000001146,1
2026-05-14 05:45:00,0.2679,0.2684,0.2678,0.2682,25023.4,0.26695636520998167,0.2666850839589113,60.42490177772804,0.0005756007776242522,0.00036322790539552167,0.0008549454624644826,0.0014936519790889058,2813.800000000003,0.5714285714285511,0.2857142857143152,0.2857142857142359,-17487.084919999947,0.0006000000000000449,1
2026-05-14 05:50:00,0.2684,0.2693,0.2684,0.2686,14748.2,0.2671129018566501,0.26676017870562063,62.622030265330096,0.0006307457563171082,0.000416731475579839,0.0008724493580027331,0.001491424310216205,-10275.2,0.1999999999999867,0.700000000000009,-0.5000000000000222,-17484.135279999948,0.0008999999999999564,1
2026-05-14 05:55:00,0.2685,0.2687,0.2683,0.2686,7771.7,0.26725453025125484,0.2668323285603022,62.6220302653301,0.0006667625258763299,0.0004667376856391372,0.000838702975288253,0.0,-6976.500000000001,0.6000000000000312,0.19999999999997337,0.4000000000000578,-17483.358109999946,0.00040000000000001146,1
2026-05-14 06:00:00,0.2685,0.2689,0.2684,0.2687,16083.0,0.2673921940368496,0.26690557057754527,63.2141689048367,0.0006953595672588575,0.0005124620619630812,0.0008145099056248024,0.00037230081906169943,8311.3,0.4999999999999908,0.3333333333333272,0.16666666666666358,-17480.141509999947,0.0004999999999999449,1
2026-05-14 06:05:00,0.2686,0.2692,0.2684,0.2685,62407.7,0.26749769936667345,0.2669680972215631,61.12840365749319,0.0006938859151539023,0.0005487468326012455,0.0008134734837944571,-0.0007443245254930009,46324.7,0.11111111111110289,0.7777777777777819,-0.666666666666679,-17486.382279999947,0.0007999999999999674,1
2026-05-14 06:10:00,0.2684,0.269,0.2682,0.2688,46604.0,0.2676217279984188,0.2670399365462077,63.09541671434862,0.0007087554365514115,0.0005807485533912787,0.0008125110920948547,0.0011173184357540222,-15803.699999999997,0.6666666666666379,0.22222222222225377,0.44444444444438413,-17467.740679999948,0.0008000000000000229,1
2026-05-14 06:15:00,0.2688,0.2692,0.2687,0.2687,28279.2,0.26772442056999796,0.26710503707380745,61.96972908690219,0.0007043511534691183,0.0006054690734068467,0.0007901888712309365,-0.00037202380952372494,-18324.8,0.0,0.8333333333333334,-0.8333333333333334,-17470.568599999948,0.0005000000000000004,1
2026-05-14 06:20:00,0.2688,0.2688,0.2683,0.2683,5621.2,0.2677792376585696,0.26715189836503067,57.54702737705136,0.0006609648786499722,0.0006165682344554718,0.0007694610947144411,-0.0014886490509862238,-22658.0,0.0,0.8333333333333334,-0.8333333333333334,-17473.37919999995,0.0005000000000000004,1
2026-05-14 06:25:00,0.2683,0.2687,0.2683,0.2683,44979.1,0.26782883407203917,0.2671969219585589,57.54702737705136,0.00061944041970452,0.0006171426715052815,0.0007430710165205531,0.0,39357.9,0.0,0.8000000000000045,-0.8000000000000045,-17473.37919999995,0.00040000000000001146,1
2026-05-14 06:30:00,0.2683,0.2684,0.2674,0.2674,22417.2,0.26778799273184495,0.2672048858033213,48.51235700243706,0.0005080529898218167,0.0005953247351685886,0.0007614230867690851,-0.00335445396943701,-22561.899999999998,0.0,0.9090909090909092,-0.9090909090909092,-17493.554679999947,0.0010000000000000009,1
2026-05-14 06:35:00,0.2675,0.2678,0.2674,0.2677,8639.9,0.26777961247166926,0.2672243020463283,51.25926982693768,0.00043892548219498506,0.0005640448845738679,0.0007356071519998616,0.0011219147344800895,-13777.300000000001,0.5999999999999868,0.19999999999999557,0.3999999999999912,-17491.826699999947,0.00039999999999995595,1
2026-05-14 06:40:00,0.2677,0.268,0.2677,0.2678,4122.1,0.2677815541410341,0.2672468784366684,52.17519191077121,0.0003877409621774186,0.000528784100094578,0.0007044923554284445,0.00037355248412396236,-4517.799999999999,0.24999999999995842,0.5000000000000556,-0.2500000000000972,-17491.41448999995,0.00030000000000002247,1
2026-05-14 06:45:00,0.2678,0.2686,0.2678,0.2683,10505.0,0.2678309299371261,0.26728817732150495,56.56973444265995,0.0003831064697172315,0.0004996485740191087,0.0007113143300407001,0.0018670649738610212,6382.9,0.5555555555555419,0.3333333333333498,0.22222222222219212,-17486.16198999995,0.0008000000000000229,1
2026-05-14 06:50:00,0.2683,0.2685,0.268,0.2682,22632.2,0.2678660794669236,0.2673239350736028,55.47187197768976,0.00036713236343394184,0.0004731453319020754,0.0006962204493235072,-0.000372717107715248,12127.2,0.33333333333329634,0.5000000000000371,-0.16666666666674074,-17488.42520999995,0.0005000000000000004,1
2026-05-14 06:55:00,0.2682,0.2682,0.2675,0.2675,1649.6,0.267831214755788,0.26733083958052034,48.3920755518436,0.00029459273756032855,0.00043743481303372606,0.0006964904172289694,-0.0026099925428784143,-20982.600000000002,0.0,0.8749999999999966,-0.8749999999999966,-17489.57992999995,0.0006999999999999784,1
2026-05-14 07:00:00,0.2674,0.2678,0.2669,0.2669,39819.9,0.26774252763618916,0.267313943910696,43.29182264148203,0.00018653926728828818,0.0003872557038846385,0.0007110268159983256,-0.0022429906542055233,38170.3,0.0,0.8999999999999956,-0.8999999999999956,-17509.48987999995,0.0008999999999999564,1
2026-05-14 07:05:00,0.2668,0.2668,0.2662,0.2664,18069.9,0.267614667861314,0.2672781029730217,39.55091146469907,5.9870146507767785e-05,0.0003217785924092644,0.0007102391862841619,-0.0018733608092919019,-21750.0,0.2857142857143378,0.5714285714285171,-0.2857142857141793,-17516.71783999995,0.0005999999999999894,1
2026-05-14 07:10:00,0.2663,0.2664,0.266,0.2663,4703.0,0.2674894613983317,0.2672397459936875,38.82825142892033,-4.803153098703605e-05,0.0002478165677300043,0.0006880792444067226,-0.0003753753753755751,-13366.900000000001,0.5999999999999202,0.2000000000000844,0.39999999999983576,-17516.71783999995,0.00040000000000001146,1
2026-05-14 07:15:00,0.2662,0.2667,0.2662,0.2664,6861.0,0.26738570316991916,0.26720681477824876,40.008709136464994,-0.00012404530644893885,0.0001734441928942157,0.0006746450126633852,0.0003755163349608015,2158.0,0.3333333333333889,0.49999999999994454,-0.16666666666655566,-17515.34563999995,0.0005000000000000004,1
2026-05-14 07:20:00,0.2664,0.2669,0.2664,0.2666,6447.5,0.2673108742965935,0.2671830181202782,42.402667468599546,-0.00016623222105355273,0.00010550891010466204,0.0006621703689017149,0.0007507507507507061,-413.5,0.33333333333329634,0.5000000000000371,-0.16666666666674074,-17514.05613999995,0.0005000000000000004,1
2026-05-14 07:25:00,0.2667,0.2668,0.2664,0.2664,11305.0,0.2672241243635846,0.26715231152732616,40.655508349792356,-0.00021334467869477125,4.173819234477538e-05,0.0006434439139801606,-0.0007501875468866048,4857.5,0.0,0.7999999999999823,-0.7999999999999823,-17517.447639999948,0.00039999999999995595,1
2026-05-14 07:30:00,0.2664,0.267,0.2664,0.2669,18256.1,0.26719325537657657,0.2671424169576271,46.581434003683626,-0.00020793883008091152,-8.197212140362004e-06,0.0006403407772672912,0.0018768768768768762,6951.0999999999985,0.7142857142857256,0.14285714285712928,0.5714285714285964,-17508.31958999995,0.0005999999999999894,1
2026-05-14 07:35:00,0.2669,0.2673,0.2668,0.2673,18423.8,0.2672034215311883,0.26714859668477897,50.81299705123462,-0.0001694249734167097,-4.0442764395631546e-05,0.0006303164360339133,0.0014986886474332994,167.70000000000073,0.8333333333333334,0.0,0.8333333333333334,-17500.950069999948,0.0005000000000000004,1
2026-05-14 07:40:00,0.2673,0.2673,0.2665,0.2665,17912.7,0.2671364290044085,0.26712316152067,43.407007193168106,-0.00020113719428188626,-7.258165037288249e-05,0.0006424366906029172,-0.002992891881780646,-511.09999999999854,0.0,0.8888888888888848,-0.8888888888888848,-17515.280229999946,0.0007999999999999674,1
2026-05-14 07:45:00,0.2665,0.2665,0.2661,0.2664,13570.9,0.26706629290875056,0.26709480224534965,42.57174193282475,-0.00023166799758900236,-0.00010439891981610647,0.0006251197841312811,-0.00037523452157595116,-4341.800000000001,0.6000000000000312,0.19999999999997337,0.4000000000000578,-17516.637319999947,0.00040000000000001146,1
2026-05-14 07:50:00,0.2663,0.2666,0.2662,0.2664,9765.3,0.2670028364412505,0.2670675550984732,42.57174193282475,-0.00025294805148956545,-0.00013410874615079826,0.0006090397995504761,0.0,-3805.6000000000004,0.40000000000005775,0.39999999999994673,1.1102230246251565e-13,-17515.660789999947,0.00040000000000001146,1
2026-05-14 07:55:00,0.2663,0.2665,0.2655,0.2655,13914.4,0.2668597091611314,0.26700608234951345,35.45127722511647,-0.0003385327313092379,-0.0001749935431824862,0.0006369655281540135,-0.0033783783783783994,4149.1,0.0,0.9090909090909092,-0.9090909090909092,-17526.792309999946,0.0010000000000000009,1
2026-05-14 08:00:00,0.2655,0.2668,0.265,0.2651,147229.8,0.2666921178124522,0.2669313340220816,32.82358164074908,-0.00043363716442940126,-0.00022672226743186924,0.0007200394190001533,-0.0015065913370998496,133315.4,0.0526315789473635,0.8947368421052672,-0.8421052631579037,-17585.684229999948,0.0017999999999999683,1
2026-05-14 08:05:00,0.265,0.2667,0.265,0.2666,16345.2,0.26668334468745675,0.26691834053101954,48.299429494756275,-0.0003835493309545246,-0.0002580876801364003,0.0007900366033572837,0.0056582421727648935,-130884.59999999999,0.8888888888888937,0.05555555555555008,0.8333333333333437,-17559.531909999947,0.0016999999999999793,1
2026-05-14 08:10:00,0.2666,0.267,0.2665,0.2665,6091.0,0.2666658832886514,0.26690193501999915,47.513563254975196,-0.0003479130018109178,-0.0002760527444713038,0.0007693197031174777,-0.0003750937734433579,-10254.2,0.0,0.8333333333333334,-0.8333333333333334,-17560.14100999995,0.0005000000000000004,1
2026-05-14 08:15:00,0.2666,0.267,0.2664,0.2665,16714.7,0.2666500848802084,0.2668861728623521,47.5135632549752,-0.0003160279803814947,-0.000284047791653342,0.0007572254386090857,0.0,10623.7,0.14285714285712928,0.7142857142857256,-0.5714285714285964,-17561.81247999995,0.0005999999999999894,1
2026-05-14 08:20:00,0.2664,0.2664,0.2657,0.2657,19264.6,0.26655960060590284,0.2668396562795148,41.28162964244188,-0.0003512630435877351,-0.0002974908420402206,0.0007602807644227241,-0.0030018761726079424,2549.899999999998,0.0,0.8750000000000052,-0.8750000000000052,-17575.297699999952,0.0007000000000000339,1
2026-05-14 08:25:00,0.2658,0.2663,0.2656,0.266,4633.9,0.26650630531010255,0.26680672858227894,44.23541958122574,-0.0003509342407596594,-0.0003081795217841084,0.0007559749955353852,0.0011290929619873769,-14630.699999999999,0.5000000000000278,0.3749999999999688,0.12500000000005895,-17574.37091999995,0.0006999999999999784,1
2026-05-14 08:30:00,0.266,0.2668,0.266,0.2668,4630.6,0.26653427623294995,0.2668064647163072,51.27449158931145,-0.0002828597172817582,-0.0003031155608836384,0.0007591196387114268,0.003007518796992459,-3.2999999999992724,0.8888888888888848,0.0,0.8888888888888848,-17570.66643999995,0.0007999999999999674,1
2026-05-14 08:35:00,0.2669,0.2679,0.2669,0.2679,21564.0,0.2666643451631452,0.26684934845292263,58.947772203337244,-0.00013855221635422632,-0.00027020289197775597,0.0007834682359463282,0.004122938530734865,16933.4,0.9090909090909092,0.0,0.9090909090909092,-17549.10243999995,0.0010000000000000009,1
2026-05-14 08:40:00,0.268,0.2681,0.2678,0.2679,18646.0,0.266782026576179,0.26689055047437665,58.947772203337244,-2.3911841367130204e-05,-0.0002209446818556308,0.0007489347905215921,0.0,-2918.0,0.2500000000000972,0.49999999999991684,-0.24999999999981964,-17550.967039999952,0.00030000000000002247,1
2026-05-14 08:45:00,0.2679,0.2681,0.2673,0.2673,44759.6,0.26683135737844765,0.26690660731851873,53.607334572234436,1.831536799734579e-05,-0.0001730926718850355,0.0007525823054843372,-0.002239641657335034,26113.6,0.0,0.8888888888888917,-0.8888888888888917,-17577.822799999954,0.0008000000000000229,1
2026-05-14 08:50:00,0.2674,0.268,0.2674,0.2678,5885.4,0.2669236090566907,0.26694164232563566,57.09563860747446,9.107668168178984e-05,-0.00012025880117167044,0.0007488264265211726,0.0018705574261130842,-38874.2,0.5714285714285171,0.2857142857143378,0.2857142857141793,-17575.468639999955,0.0005999999999999894,1
2026-05-14 08:55:00,0.2678,0.2678,0.2673,0.2674,4027.1,0.26696897962272015,0.26695961713639504,53.622014640878675,0.00011513666611628892,-7.317970771407857e-05,0.000731053110341089,-0.0014936519790886837,-1858.2999999999997,0.16666666666674068,0.6666666666665927,-0.499999999999852,-17577.079479999957,0.0005000000000000004,1
2026-05-14 09:00:00,0.2674,0.2676,0.2669,0.2669,6718.2,0.26696241013484207,0.2669572792094776,49.56290037505336,9.278894262626514e-05,-3.9985977646009827e-05,0.0007288350310310097,-0.0018698578908002972,2691.1,0.0,0.8749999999999966,-0.8749999999999966,-17580.438579999958,0.0006999999999999784,1
2026-05-14 09:05:00,0.2668,0.2673,0.2668,0.2673,11589.8,0.2669945615505714,0.2669707192404785,52.65088204464408,0.00010613145051724393,-1.0762492013359075e-05,0.0007124896716716519,0.0014986886474332994,4871.599999999999,0.8333333333333334,0.0,0.8333333333333334,-17574.643679999957,0.0005000000000000004,1
2026-05-14 09:10:00,0.2673,0.2676,0.2666,0.2666,35956.9,0.2669569842600408,0.266956181231048,47.20424543429,5.9535051280645845e-05,3.2970166454419094e-06,0.0007330261236951054,-0.0026187803965580514,24367.100000000002,0.0,0.9090909090909092,-0.9090909090909092,-17599.813509999956,0.0010000000000000009,1
2026-05-14 09:15:00,0.2667,0.267,0.2667,0.2668,1637.9,0.2669420333781321,0.26695005647688924,48.83290440047089,3.83038547131509e-05,1.0298384258983707e-05,0.0007092385434311701,0.0007501875468867159,-34319.0,0.24999999999995842,0.5000000000000556,-0.2500000000000972,-17599.649719999958,0.00030000000000002247,1
2026-05-14 09:20:00,0.2669,0.2671,0.2669,0.267,2019.8,0.26694755400878617,0.266952015046423,50.478083854233155,3.718763113791379e-05,1.5676233634769724e-05,0.0006800072189003739,0.0007496251874063997,381.89999999999986,0.3333333333333211,0.3333333333333211,0.0,-17599.447739999956,0.00019999999999997797,1
2026-05-14 09:25:00,0.267,0.2671,0.2667,0.2669,6586.4,0.26694302505556844,0.2669499752406809,49.6190201257371,2.7912098352289583e-05,1.8123406578273696e-05,0.0006600067032646337,-0.0003745318352059712,4566.599999999999,0.40000000000005775,0.39999999999994673,1.1102230246251565e-13,-17600.106379999957,0.00040000000000001146,1
2026-05-14 09:30:00,0.2668,0.2668,0.2657,0.2658,11088.7,0.26683416552646666,0.2669048781724189,41.29397524554258,-6.742243130425374e-05,1.0142390017682094e-06,0.0006985776530314481,-0.004121393780442295,4502.300000000001,0.08333333333332485,0.833333333333341,-0.7500000000000162,-17611.195079999958,0.0010999999999999899,1
2026-05-14 09:35:00,0.266,0.2661,0.265,0.2653,39935.2,0.266688054523946,0.26684194177350057,38.15991192913732,-0.00018123241970974258,-3.543509274053395e-05,0.0007272506778149152,-0.0018811136192625755,28846.499999999996,0.24999999999997458,0.6666666666666914,-0.4166666666667168,-17639.149719999958,0.0010999999999999899,1
2026-05-14 09:40:00,0.2652,0.2659,0.2652,0.2655,2688.6,0.2665749064740464,0.2667893166059123,40.11769363740792,-0.00025238004686839455,-7.882408356610608e-05,0.000725304200828138,0.0007538635506973979,-37246.6,0.37500000000001216,0.49999999999999306,-0.1249999999999809,-17638.343139999957,0.0007000000000000339,1
2026-05-14 09:45:00,0.2656,0.2657,0.2655,0.2656,5380.8,0.26648205823842297,0.2667426767390138,41.12139921044561,-0.00029726915593147885,-0.00012251309803918063,0.0006877824721975552,0.0003766478342748236,2692.2000000000003,0.3333333333333211,0.3333333333333211,0.0,-17638.343139999957,0.00019999999999997797,1
2026-05-14 09:50:00,0.2655,0.2655,0.265,0.2651,4803.2,0.26635043364428745,0.2666782580433662,37.717293589023086,-0.0003689370430215999,-0.0001717978870356645,0.0006815122956120148,-0.0018825301204818956,-577.6000000000004,0.16666666666664817,0.6666666666666852,-0.500000000000037,-17640.264419999956,0.0005000000000000004,1
2026-05-14 09:55:00,0.2652,0.2655,0.2648,0.2654,80447.4,0.2662599161543553,0.2666281302769597,40.87963104850288,-0.00039695106233123,-0.0002168285220947776,0.0006828328459254447,0.0011316484345531563,75644.2,0.7500000000000243,0.12499999999998092,0.6250000000000434,-17624.174939999953,0.0007000000000000339,1
2026-05-14 10:00:00,0.2653,0.2661,0.2652,0.2656,10936.5,0.2661970669967976,0.2665878114425691,42.95895258827283,-0.0003984212932737763,-0.0002531470763305774,0.0006983447855021996,0.0007535795026374359,-69510.9,0.4000000000000067,0.49999999999999445,-0.09999999999998777,-17620.893989999953,0.0009000000000000119,1
2026-05-14 10:05:00,0.2657,0.2659,0.2654,0.2655,4251.6,0.2661306796637693,0.2665451521703115,42.16050753457188,-0.0004030099779920304,-0.00028311965666286804,0.0006841773008234711,-0.0003765060240963347,-6684.9,0.16666666666664817,0.6666666666666852,-0.500000000000037,-17621.744309999955,0.0005000000000000004,1
2026-05-14 10:10:00,0.2655,0.2668,0.2655,0.266,26850.1,0.2661182339815056,0.2665237736538287,47.422453176808496,-0.00036212635515886493,-0.00029892099636206744,0.0007281646364789352,0.0018832391713747842,22598.5,0.35714285714286564,0.5714285714285613,-0.21428571428569565,-17608.319259999953,0.0012999999999999678,1
2026-05-14 10:15:00,0.2661,0.2665,0.2659,0.2663,5508.9,0.266135545030886,0.26651499821642366,50.34156572540582,-0.0003020366067264524,-0.0002995441184349444,0.0007190100195875818,0.0011278195488719778,-21341.199999999997,0.5714285714285171,0.2857142857143378,0.2857142857141793,-17607.217479999952,0.0005999999999999894,1
2026-05-14 10:20:00,0.2665,0.2665,0.2656,0.2657,4668.4,0.266094064551754,0.2664830375020541,44.96461474910092,-0.0002993789792454793,-0.0002995110905970514,0.0007319378753313268,-0.0022530980097633657,-840.5,0.0999999999999878,0.8000000000000134,-0.7000000000000256,-17610.952199999952,0.0009000000000000119,1
2026-05-14 10:25:00,0.2658,0.2661,0.2655,0.2656,5463.0,0.26604701078492027,0.2664484085804049,44.11881676166586,-0.00030186227419065625,-0.0002999813273157724,0.0007225137413790885,-0.00037636432066234793,794.6000000000004,0.14285714285712928,0.7142857142857256,-0.5714285714285964,-17612.044799999952,0.0005999999999999894,1
2026-05-14 10:30:00,0.2655,0.2656,0.2649,0.2656,12658.5,0.26600443832921356,0.26641513765568314,44.118816761665855,-0.0003003678497267015,-0.00030005863179795826,0.0007209056169948663,0.0,7195.5,0.8749999999999966,0.0,0.8749999999999966,-17610.778949999953,0.0006999999999999784,1
2026-05-14 10:35:00,0.2657,0.2658,0.2653,0.2655,8746.6,0.2659563965835742,0.26637924990447986,43.17689136163148,-0.00030375121688769324,-0.0003007971488159053,0.0007051266443523759,-0.0003765060240963347,-3911.8999999999996,0.3333333333333889,0.49999999999994454,-0.16666666666655566,-17612.52826999995,0.0005000000000000004,1
2026-05-14 10:40:00,0.2654,0.2654,0.2644,0.2647,21505.5,0.2658367397660909,0.2663133969670493,36.46893272502107,-0.0003667581146134524,-0.00031398934197541476,0.0007333318840414912,-0.003013182674199699,12758.9,0.27272727272724245,0.6363636363636667,-0.3636363636364242,-17627.582119999952,0.0010000000000000009,1
2026-05-14 10:45:00,0.2648,0.2652,0.2648,0.2652,7083.5,0.26577609788360607,0.2662697343408905,42.48339680375797,-0.0003720568736337304,-0.0003256028483070779,0.0007166653208956704,0.0018889308651304226,-14422.0,0.8000000000000045,0.0,0.8000000000000045,-17624.748719999952,0.00040000000000001146,1
2026-05-14 10:50:00,0.2653,0.2666,0.2653,0.2665,24526.2,0.26584504094231026,0.266278764366738,54.53502603805873,-0.00026826465493301477,-0.00031413520963226527,0.0007654749408316948,0.004901960784313708,17442.7,0.8571428571428674,0.07142857142856236,0.785714285714305,-17595.317279999952,0.0013000000000000234,1
2026-05-14 10:55:00,0.2665,0.2667,0.2659,0.2661,23057.9,0.26586932275732833,0.26627175399941494,50.994428340723545,-0.00021579764991186412,-0.00029446769768818503,0.0007679410164865714,-0.0015009380863040267,-1468.2999999999993,0.22222222222220578,0.6666666666666791,-0.4444444444444733,-17604.540439999953,0.0007999999999999674,1
2026-05-14 11:00:00,0.2661,0.2661,0.2654,0.2656,13537.3,0.2658436729709161,0.26624541070532026,46.89587668347828,-0.00021211782945468327,-0.0002779977240414847,0.000763088086737529,-0.0018789928598271777,-9520.600000000002,0.24999999999997918,0.6250000000000174,-0.37500000000003825,-17611.309089999955,0.0006999999999999784,1
2026-05-14 11:05:00,0.2656,0.2661,0.2654,0.2661,7084.3,0.26586808506892406,0.2662397083247195,51.12615441655234,-0.00016693144215113032,-0.0002557844676634138,0.000758581794827704,0.0018825301204818956,-6452.999999999999,0.8749999999999966,0.0,0.8749999999999966,-17607.766939999954,0.0006999999999999784,1
2026-05-14 11:10:00,0.266,0.266,0.2649,0.2649,8276.0,0.2657758864909313,0.26618717074335796,42.397008103344945,-0.00022535314506538784,-0.00024969820314380865,0.0007901116666257237,-0.004509582863585049,1191.6999999999998,0.0,0.916666666666666,-0.916666666666666,-17616.870539999953,0.0010999999999999899,1
2026-05-14 11:15:00,0.2649,0.2658,0.2649,0.2654,17935.5,0.2657400877775093,0.26615630130244194,46.49609887929806,-0.0002286709676328491,-0.0002454927560416168,0.0007979608332953118,0.0018875047187618677,9659.5,0.5000000000000222,0.3999999999999734,0.10000000000004883,-17607.902789999953,0.0008999999999999564,1
2026-05-14 11:20:00,0.2655,0.2657,0.2649,0.2649,1278.2,0.2656600794177465,0.26610703458469914,43.186501232148316,-0.00026855050420127036,-0.0002501043056735475,0.0007981064880599301,-0.0018839487565938118,-16657.3,0.0,0.8888888888888848,-0.8888888888888848,-17608.66970999995,0.0007999999999999674,1
2026-05-14 11:25:00,0.2649,0.265,0.2643,0.2646,38522.7,0.2655591194731992,0.26604793518922076,41.287550343713434,-0.0003206663746842531,-0.00026421671947568867,0.0007910988817699374,-0.0011325028312572094,37244.5,0.37500000000001216,0.49999999999999306,-0.1249999999999809,-17620.226519999953,0.0007000000000000339,1
2026-05-14 11:30:00,0.2646,0.2647,0.264,0.2641,15606.2,0.2654201557138469,0.2659715455739572,38.26740297660997,-0.0003977296193681812,-0.0002909192994541872,0.0007845918187863688,-0.0018896447467876554,-22916.499999999996,0.12499999999998959,0.750000000000007,-0.6250000000000174,-17628.029619999954,0.0006999999999999784,1
2026-05-14 11:35:00,0.2642,0.2645,0.2637,0.2639,100040.4,0.26527537897919484,0.26589030849262557,37.098417599110235,-0.0004695286900536777,-0.00032664117757408534,0.0007856924031587728,-0.0007572889057174681,84434.2,0.22222222222225377,0.6666666666666379,-0.44444444444438413,-17658.04173999995,0.0008000000000000229,1
2026-05-14 11:40:00,0.264,0.2642,0.2638,0.2639,13082.4,0.26514439050498584,0.26581225717918927,37.098417599110235,-0.0005204307689092302,-0.0003653990958411143,0.0007581429457902898,0.0,-86958.0,0.2000000000000844,0.5999999999999202,-0.39999999999983576,-17659.349979999948,0.00040000000000001146,1
2026-05-14 11:45:00,0.2639,0.2643,0.2638,0.2643,9266.8,0.26506397236165385,0.2657529529760838,41.26049125351807,-0.0005224716481390113,-0.0003968136063006937,0.0007397041639481263,0.00151572565365643,-3815.6000000000004,0.8333333333333334,0.0,0.8333333333333334,-17655.64325999995,0.0005000000000000004,1
2026-05-14 11:50:00,0.2641,0.2643,0.2637,0.2643,25937.5,0.2649912130891154,0.2656959744280021,41.26049125351807,-0.0005181165347362682,-0.00042107419198780864,0.000729725295094688,0.0,16670.7,0.8571428571428549,0.0,0.8571428571428549,-17650.45575999995,0.0005999999999999894,1
2026-05-14 11:55:00,0.2643,0.2644,0.2637,0.2637,12130.5,0.2648682404139615,0.2656177009210216,37.001311810699704,-0.0005566631947798717,-0.0004481919925462213,0.0007276020597307842,-0.002270147559591318,-13807.0,0.0,0.8750000000000052,-0.8750000000000052,-17657.734059999948,0.0007000000000000339,1
2026-05-14 12:00:00,0.2636,0.2646,0.2635,0.2646,15995.9,0.26484269370786995,0.26557779108098156,46.00501039121021,-0.000508724957551554,-0.00046029858554728784,0.000754201912607156,0.0034129692832765013,3865.3999999999996,0.916666666666666,0.0,0.916666666666666,-17641.738159999946,0.0010999999999999899,1
2026-05-14 12:05:00,0.2646,0.2648,0.2646,0.2648,6296.1,0.26483862764045374,0.2655472894699627,47.7907139543012,-0.00044941465821257687,-0.00045812180008034564,0.0007146160617066433,0.0007558578987150177,-9699.8,0.6666666666666422,0.0,0.6666666666666422,-17640.478939999946,0.00019999999999997797,1
2026-05-14 12:10:00,0.2649,0.2651,0.2645,0.2646,5579.5,0.2648159011985058,0.2655101408632975,46.14715415401739,-0.0004137793563576131,-0.00044925331133579914,0.0007064292001561681,-0.0007552870090633546,-716.6000000000004,0.14285714285712928,0.7142857142857256,-0.5714285714285964,-17642.152789999946,0.0005999999999999894,1
2026-05-14 12:15:00,0.2646,0.2647,0.2637,0.2638,6249.0,0.26471914870341,0.2654430765157172,40.1927968190321,-0.0004449621898745537,-0.0004483950870435501,0.0007273985430021561,-0.003023431594860293,669.5,0.09090909090908082,0.8181818181818283,-0.7272727272727475,-17647.151989999944,0.0010000000000000009,2
2026-05-14 12:20:00,0.2639,0.264,0.2637,0.2639,9904.2,0.2646411345411805,0.2653825637111793,41.213876166028165,-0.00045634518263143464,-0.000449985106161127,0.0006968700756448609,0.000379075056861522,3655.2000000000007,0.5000000000000556,0.24999999999995842,0.2500000000000972,-17647.151989999944,0.00030000000000002247,2
2026-05-14 12:25:00,0.2639,0.2651,0.2639,0.265,46152.5,0.2646753122039252,0.26536756121270166,51.10314709158257,-0.0003723136791489168,-0.000434450820758685,0.0007328079273845122,0.004168245547555793,36248.3,0.8461538461538521,0.0769230769230697,0.7692307692307825,-17596.384239999945,0.0011999999999999789,2
2026-05-14 12:30:00,0.265,0.2681,0.2648,0.2668,173468.0,0.264877663422599,0.2654237352827918,62.28409226217924,-0.00015864439660107088,-0.0003792895359271622,0.0009161787897141917,0.006792452830188589,127315.5,0.5882352941176433,0.38235294117647467,0.20588235294116863,-17284.14183999995,0.003300000000000025,1
2026-05-14 12:35:00,0.2668,0.2674,0.2663,0.2666,74862.7,0.26504169547758955,0.2654698633109176,60.62529374095245,-5.386190655043421e-06,-0.00030450886687273846,0.0009293088761631813,-0.0007496251874061777,-98605.3,0.25000000000000927,0.6666666666666605,-0.41666666666665125,-17299.114379999948,0.0011000000000000454,1
2026-05-14 12:40:00,0.2666,0.2667,0.266,0.2663,41847.6,0.2651615340035334,0.2655024176908816,58.12464464598964,9.081765948110165e-05,-0.00022544356160197044,0.0009129296707229525,-0.0011252813203301848,-33015.1,0.3749999999999688,0.5000000000000278,-0.12500000000005895,-17311.66865999995,0.0006999999999999784,1
2026-05-14 12:45:00,0.2662,0.2668,0.2658,0.2667,69297.2,0.2653080545746254,0.2655493817030039,60.46613102678559,0.00019706491916632318,-0.00014094186544831173,0.0009191489799570274,0.0015020653398423178,27449.6,0.8181818181818283,0.09090909090908082,0.7272727272727475,-17277.020059999948,0.0010000000000000009,1
2026-05-14 12:50:00,0.2667,0.2676,0.2667,0.2673,82181.2,0.26549776366275635,0.2656180334009253,63.741214172762156,0.00032592456798902214,-4.7568578760844963e-05,0.0009177811956743834,0.0022497187851517886,12884.0,0.5999999999999822,0.30000000000001886,0.29999999999996335,-17227.711339999947,0.0009000000000000119,1
2026-05-14 12:55:00,0.2673,0.268,0.2673,0.268,36554.0,0.265736071885351,0.265711443855791,67.15939927653163,0.0004790091980582112,5.774697660296627e-05,0.0009022253959833584,0.0026187803965582734,-45627.2,0.8750000000000052,0.0,0.8750000000000052,-17202.123539999946,0.0007000000000000339,1
2026-05-14 13:00:00,0.2681,0.2681,0.2673,0.268,32597.9,0.26595168408674613,0.2658011911555639,67.15939927653163,0.0005934885042599425,0.0001648952821343615,0.0008949235819845487,0.0,-3956.0999999999985,0.7777777777777957,0.11111111111109603,0.6666666666666996,-17205.383329999946,0.0008000000000000229,1
2026-05-14 13:05:00,0.2679,0.268,0.2675,0.268,22260.7,0.2661467617927703,0.2658874189533849,67.15939927653162,0.0006764168666201775,0.0002671995990315247,0.0008667147546999382,0.0,-10337.2,0.8333333333333334,0.0,0.8333333333333334,-17203.157259999945,0.0005000000000000004,1
2026-05-14 13:10:00,0.2681,0.2682,0.2677,0.2682,6717.8,0.2663423082886969,0.26597810840619335,68.22823192095505,0.0007496351919266675,0.0003636867176105533,0.0008405208436499426,0.0007462686567163423,-15542.900000000001,0.8333333333333334,0.0,0.8333333333333334,-17202.485479999945,0.0005000000000000004,1
2026-05-14 13:15:00,0.2683,0.2688,0.2672,0.2673,46511.0,0.26643351702310675,0.266029947292225,58.93310845452322,0.0007266622537259737,0.0004362818248336374,0.0008947693548178032,-0.003355704697986628,39793.2,0.058823529411758564,0.8823529411764763,-0.8235294117647177,-17248.996479999943,0.0015999999999999903,1
2026-05-14 13:20:00,0.2672,0.2685,0.2671,0.2682,31314.5,0.2666017534970966,0.2661150473984123,64.18737271972716,0.000772177333440871,0.0005034609265550841,0.0009308572580451038,0.0033670033670034627,-15196.5,0.7333333333333205,0.20000000000001333,0.5333333333333072,-17217.681979999943,0.0014000000000000123,1
2026-05-14 13:25:00,0.268,0.2681,0.2674,0.2674,10846.0,0.2666777769735636,0.2661654376965138,57.18371938558747,0.0007352198906711571,0.0005498127193782988,0.0009215103110418798,-0.00298284862043241,-20468.5,0.0,0.8749999999999966,-0.8749999999999966,-17224.189579999944,0.0006999999999999784,1
2026-05-14 13:30:00,0.2675,0.2679,0.2671,0.2671,41773.3,0.26671798869036706,0.2662020871986113,54.770282352748985,0.0006739544310576107,0.0005746410617141612,0.0009128310031103187,-0.0011219147344803115,30927.300000000003,0.0,0.8888888888888917,-0.8888888888888917,-17240.898899999946,0.0008000000000000229,1
2026-05-14 13:35:00,0.267,0.2672,0.2659,0.2668,46412.0,0.2667257992912845,0.2662255347594501,52.38911815321626,0.0005943424107784923,0.0005785813315270274,0.0009404859314595793,-0.001123174840883645,4638.699999999997,0.6428571428571265,0.28571428571430046,0.357142857142826,-17250.181299999946,0.0012999999999999678,1
2026-05-14 13:40:00,0.2669,0.2677,0.2666,0.2676,30051.7,0.26680905650163833,0.26627943535711873,57.673672495574905,0.0005890128517475057,0.0005806676355711231,0.0009518797934981801,0.002998500749625377,-16360.3,0.833333333333341,0.08333333333332485,0.7500000000000162,-17229.145109999947,0.0010999999999999899,1
2026-05-14 13:45:00,0.2677,0.2689,0.2675,0.2687,39551.5,0.26698914635862514,0.26637435946076116,63.64834036066347,0.0006658741618885688,0.0005977089408346122,0.0009838883796768785,0.004110612855007467,9499.8,0.8000000000000089,0.13333333333332248,0.6666666666666865,-17189.593609999945,0.0013999999999999568,1
2026-05-14 13:50:00,0.2688,0.2689,0.2674,0.2676,69116.1,0.26704732289589894,0.2664224237956333,55.24955223314888,0.0006307555397838116,0.0006043182606244521,0.0010207534954142406,-0.00409378489021206,29564.600000000006,0.12499999999999047,0.8125000000000074,-0.687500000000017,-17272.532929999943,0.0014999999999999458,1
2026-05-14 13:55:00,0.2675,0.2676,0.266,0.2663,25860.0,0.2669761492867657,0.2664176228624712,47.30496061808311,0.0004923491487924814,0.000581924438258058,0.0010621282457417942,-0.004857997010463411,-43256.100000000006,0.17647058823527567,0.7647058823529592,-0.5882352941176836,-17303.564929999942,0.0015999999999999903,1
2026-05-14 14:00:00,0.2661,0.2673,0.2661,0.2666,24504.3,0.266940325545169,0.2664247749070802,49.1230954245405,0.00040223190059368585,0.0005459859307251837,0.0010719762281888074,0.0011265490048817384,-1355.7000000000007,0.3846153846153912,0.5384615384615306,-0.15384615384613937,-17291.312779999942,0.0011999999999999789,1
2026-05-14 14:05:00,0.2667,0.2667,0.2649,0.2657,50491.0,0.26682219930277196,0.26639635236170456,44.196466679681144,0.0002552485078385902,0.000487838446147865,0.0011239779261753187,-0.0033758439609903323,25986.7,0.42105263157893724,0.5263157894736934,-0.10526315789475615,-17341.803779999944,0.0017999999999999683,2
2026-05-14 14:10:00,0.2658,0.2666,0.2656,0.2665,9782.5,0.2667915136548889,0.2664004169749711,49.08462453834294,0.00020099942795537284,0.0004304706425093666,0.0011151223600199388,0.0030109145652992275,-40708.5,0.8181818181818283,0.09090909090908082,0.7272727272727475,-17334.956029999943,0.0010000000000000009,2
2026-05-14 14:15:00,0.2664,0.2682,0.2664,0.2682,12271.4,0.26692565521156614,0.26647098885830556,57.58676933039111,0.00029181853143195324,0.00040274022029388395,0.001164042191447084,0.006378986866791614,2488.8999999999996,0.9473684210526306,0.0,0.9473684210526306,-17312.867509999942,0.0017999999999999683,2
2026-05-14 14:20:00,0.2683,0.2693,0.2683,0.2685,86340.5,0.2670755928104646,0.2665505579226857,58.8913466182309,0.0003835791563047697,0.00039890800749606113,0.001159467749200863,0.0011185682326622093,74069.1,0.1818181818182121,0.727272727272697,-0.5454545454544849,-17295.59940999994,0.0010000000000000009,2
2026-05-14 14:25:00,0.2685,0.2686,0.2679,0.2683,17782.6,0.26719220301899177,0.2666191634943451,57.61893647916596,0.00043514569537828063,0.00040615554507250504,0.0011266486242579427,-0.0007448789571695702,-68557.9,0.49999999999995837,0.3750000000000382,0.12499999999992017,-17299.155929999943,0.0006999999999999784,2
2026-05-14 14:30:00,0.2683,0.2686,0.268,0.2681,34812.3,0.26727865987432586,0.2666772355141747,56.308740882290934,0.0004546334887221004,0.0004158511338024241,0.0010890308653823746,-0.000745434215430385,17029.700000000004,0.14285714285712928,0.7142857142857256,-0.5714285714285964,-17306.11838999994,0.0005999999999999894,2
2026-05-14 14:35:00,0.2681,0.2696,0.2681,0.2696,14532.1,0.26749973988629483,0.26679185372930514,63.08802885160688,0.0005843788141200457,0.00044955666986594845,0.001118385803569348,0.00559492726594546,-20280.200000000004,0.9375,0.0,0.9375,-17284.320239999943,0.0015000000000000013,2
2026-05-14 14:40:00,0.2694,0.27,0.2693,0.27,92239.3,0.2677378598971239,0.2669176633869795,64.66265289885354,0.0007112803788720257,0.0005019014116671639,0.001088501103314397,0.0014836795252226587,77707.2,0.8750000000000052,0.0,0.8750000000000052,-17228.97665999994,0.0007000000000000339,2
2026-05-14 14:45:00,0.27,0.2736,0.27,0.2728,162036.5,0.26821996847835017,0.26714834325415676,73.26133788095878,0.0010259607457988595,0.000606713278493503,0.0012678938816490823,0.010370370370370363,69797.2,0.75675675675675,0.2162162162162229,0.5405405405405271,-16775.274459999942,0.003599999999999992,2
2026-05-14 14:50:00,0.2729,0.2732,0.2713,0.2727,161107.4,0.26864663814707873,0.2673660552834055,72.58204982650042,0.0012528361244931174,0.000735937847693426,0.0013130443186741487,-0.0003665689149560114,-929.1000000000058,0.7000000000000017,0.24999999999999864,0.45000000000000306,-16807.49593999994,0.0019000000000000128,2
2026-05-14 14:55:00,0.2728,0.2735,0.2724,0.2734,86299.2,0.2690993392759284,0.26760268056640923,74.37329342636376,0.001472150610655365,0.0008831804002858138,0.0012978268673402842,0.0025669233590024376,-74808.2,0.8333333333333025,0.08333333333336726,0.7499999999999353,-16755.71641999994,0.0011000000000000454,1
2026-05-14 15:00:00,0.2735,0.2753,0.2735,0.2746,395373.0,0.26962321172584,0.26787708525007947,77.13149120499041,0.0017229280501197541,0.001051129930252602,0.0013408392339588364,0.004389173372348232,309073.8,0.578947368421057,0.3684210526315737,0.21052631578948328,-16320.806119999943,0.0017999999999999683,1
2026-05-14 15:05:00,0.2747,0.2755,0.2739,0.2747,180018.8,0.27010671537099806,0.26814465053439007,77.35026693093211,0.0019077488012656518,0.001222453704455212,0.0013593507172474943,0.00036416605972311444,-215354.2,0.4705882352941184,0.4705882352941184,0.0,-16320.806119999943,0.0016000000000000458,1
2026-05-14 15:10:00,0.2748,0.2757,0.2745,0.2755,84315.2,0.2706203615261411,0.2684330956114728,79.07492491349075,0.0020946283208100325,0.0013968886277261762,0.0013479685231583861,0.0029122679286495146,-95703.59999999999,0.7692307692307824,0.1538461538461394,0.615384615384643,-16261.78547999994,0.0011999999999999789,1
2026-05-14 15:15:00,0.2755,0.2762,0.275,0.2762,75616.2,0.2711517556665086,0.2687376800972974,80.47581946423827,0.002273013946426705,0.001572113691466282,0.0013373993429327857,0.002540834845734974,-8699.0,0.9230769230769218,0.0,0.9230769230769218,-16208.854139999941,0.0011999999999999789,1
2026-05-14 15:20:00,0.2763,0.2769,0.2757,0.2764,124183.2,0.27165158846017445,0.26903816323073676,80.86988872226954,0.0024028258873352026,0.0017382561306400661,0.0013275851041518708,0.0007241129616220032,48567.0,0.5384615384615306,0.3846153846153912,0.15384615384613937,-16196.435819999942,0.0011999999999999789,1
2026-05-14 15:25:00,0.2763,0.2763,0.2753,0.2755,126844.8,0.27201810384491976,0.2692915685942373,73.66453372479796,0.0024053528964533832,0.0018716754838027296,0.0013113290252838793,-0.0032561505065121787,2661.600000000006,0.1818181818182121,0.727272727272697,-0.5454545454544849,-16297.911659999938,0.0010000000000000009,1
2026-05-14 15:30:00,0.2756,0.2764,0.2749,0.2752,66656.7,0.272321141573975,0.26952327178662017,71.38147295660511,0.002355989693951066,0.001968538325832397,0.001324805523477888,-0.0010889292196007982,-60188.100000000006,0.18750000000001388,0.7499999999999861,-0.5624999999999722,-16324.57433999994,0.0015000000000000013,1
2026-05-14 15:35:00,0.2752,0.2753,0.2732,0.2734,132375.2,0.2724238899955012,0.2696753003440076,59.47165815583527,0.002146876191204794,0.0020042058989068762,0.0013801765575151813,-0.006540697674418672,65718.50000000001,0.09090909090908128,0.8636363636363732,-0.7727272727272919,-16562.84969999994,0.0020999999999999908,2
2026-05-14 15:40:00,0.2735,0.2748,0.2735,0.2748,55400.4,0.27265018618640585,0.2698762689579681,64.44110423663506,0.002070255911945429,0.0020174159015145868,0.0013815925176926692,0.00512070226773953,-76974.80000000002,0.9285714285714269,0.0,0.9285714285714269,-16490.829179999942,0.0012999999999999678,1
2026-05-14 15:45:00,0.2749,0.2762,0.2747,0.2761,58212.3,0.27297873988293864,0.2701203368419694,68.32498570094387,0.0020903368223610386,0.002032000085683877,0.0013900501950003356,0.004730713245997276,2811.9000000000015,0.875000000000007,0.06249999999999306,0.812500000000014,-16420.97441999994,0.0015000000000000013,1
2026-05-14 15:50:00,0.2762,0.2772,0.276,0.2771,115356.3,0.2733712408464683,0.2703940491226765,70.95318086782387,0.0021620203069048216,0.002058004129928066,0.0013764751810717388,0.003621876131836288,57144.0,0.8461538461538521,0.0769230769230697,0.7692307692307825,-16317.15374999994,0.0011999999999999789,1
2026-05-14 15:55:00,0.2772,0.2779,0.2768,0.2775,120619.4,0.2737644560039475,0.2706727138629637,71.9555604967185,0.002225453004972955,0.002091493904937044,0.0013567269538523282,0.001443522194153779,5263.099999999991,0.5833333333333665,0.3333333333332994,0.25000000000006706,-16280.967929999937,0.0010999999999999899,1
2026-05-14 16:00:00,0.2776,0.2779,0.276,0.2767,81429.6,0.27404403162261914,0.2709090780252004,66.97731761955856,0.0021859720361662727,0.0021103895311828896,0.0013955321714343018,-0.0028828828828829645,-39189.79999999999,0.3499999999999967,0.6000000000000023,-0.2500000000000056,-16354.254569999937,0.0018999999999999573,1
2026-05-14 16:05:00,0.2765,0.2774,0.2764,0.2765,62295.4,0.2742779333728459,0.2711283298673494,65.75256296551665,0.0021141738750081185,0.0021111463999479354,0.0013672798734747087,-0.0007228044813877288,-19134.200000000004,0.09090909090913128,0.8181818181817778,-0.7272727272726466,-16354.254569999937,0.0010000000000000009,1
2026-05-14 16:10:00,0.2766,0.2773,0.276,0.2767,219998.7,0.27450860638495583,0.27134682673529653,66.41396386657573,0.0020497830208242585,0.0020988737241232,0.001362474168226513,0.0007233273056057588,157703.30000000002,0.49999999999999606,0.4285714285714308,0.07142857142856524,-16332.25469999994,0.0012999999999999678,1
2026-05-14 16:15:00,0.2768,0.2774,0.2758,0.277,90028.2,0.274745881967341,0.2715685198045006,67.43004822140838,0.001999906619160885,0.002079080303130737,0.0013794402990674759,0.0010842067220817597,-129970.50000000001,0.7058823529412007,0.23529411764703426,0.4705882352941665,-16314.249059999936,0.0015999999999999903,1
2026-05-14 16:20:00,0.277,0.2795,0.2769,0.278,354598.6,0.2750557979704514,0.27182073471412804,70.62067665527577,0.0020178107874399,0.00206682639999257,0.0014666231348483738,0.0036101083032491488,264570.39999999997,0.4074074074074172,0.5555555555555465,-0.14814814814812927,-15959.650459999935,0.0026000000000000467,1
2026-05-14 16:25:00,0.2781,0.2792,0.2776,0.2779,176161.4,0.2753266743542179,0.2720591372743583,69.88342126337676,0.0020008660670038925,0.0020536343333948342,0.001476150053787775,-0.00035971223021602494,-178437.19999999998,0.17647058823527567,0.7647058823529592,-0.5882352941176836,-15994.88273999994,0.0015999999999999903,1
2026-05-14 16:30:00,0.2779,0.2784,0.2768,0.2771,33026.3,0.2754955625109591,0.27225681816555997,64.11666400121224,0.0019009707325653435,0.002023101613228936,0.001484996478517219,-0.0028787333573226936,-143135.09999999998,0.17647058823530834,0.7647058823529266,-0.5882352941176182,-16021.30377999994,0.0015999999999999903,1
2026-05-14 16:35:00,0.277,0.2782,0.277,0.278,50464.7,0.2757340803670582,0.2724820409825968,67.37806661625382,0.0018728365448136275,0.0019930485995458746,0.001464639587194559,0.003247924936846003,17438.399999999994,0.7692307692307824,0.1538461538461394,0.615384615384643,-15970.83907999994,0.0011999999999999789,1
2026-05-14 16:40:00,0.2781,0.2784,0.2775,0.2777,47885.7,0.27592131080829074,0.27268666682641657,65.24919158976434,0.0018055195994832185,0.0019555427995333434,0.0014243081881092302,-0.0010791366906475197,-2579.0,0.1999999999999867,0.700000000000009,-0.5000000000000222,-15989.99335999994,0.0008999999999999564,1
2026-05-14 16:45:00,0.2778,0.2783,0.2769,0.2772,55939.4,0.27604309073131067,0.27286366028420417,61.747450089458745,0.0016923166411818014,0.0019028975678630352,0.001422571888958572,-0.001800504141159509,8053.700000000004,0.20000000000001333,0.7333333333333205,-0.5333333333333072,-16023.55699999994,0.0014000000000000123,1
2026-05-14 16:50:00,0.2773,0.2775,0.2751,0.2757,81703.6,0.2760104154235668,0.2729748892926668,52.62329025225261,0.0014646810853481407,0.0018152542713600565,0.0014923881826043892,-0.005411255411255422,25764.200000000004,0.23999999999999452,0.7200000000000057,-0.4800000000000112,-16154.28275999994,0.0024000000000000132,1
2026-05-14 16:55:00,0.2758,0.2785,0.2754,0.2783,49980.3,0.2762284710975128,0.2731837171635426,62.86595371461633,0.0014770500249616791,0.0017476134220803811,0.0016072175981326504,0.009430540442509905,-31723.300000000003,0.906249999999991,0.06250000000000955,0.8437499999999815,-16029.33200999994,0.003100000000000047,0
2026-05-14 17:00:00,0.2783,0.2783,0.2772,0.2776,48174.9,0.2763590928977497,0.27335690472575663,59.15770624329923,0.0014140678548587582,0.0016809043086360566,0.001570987769694603,-0.002515271289974752,-1805.4000000000015,0.3333333333333457,0.5833333333333203,-0.24999999999997458,-16063.05443999994,0.0010999999999999899,1
2026-05-14 17:05:00,0.2776,0.2781,0.2773,0.2777,37936.2,0.2764867983360592,0.27352722218749165,59.5250110259264,0.0013565853243808212,0.0016160405117850096,0.0015159172147164188,0.0003602305475502998,-10238.700000000004,0.44444444444444586,0.44444444444444586,0.0,-16059.26081999994,0.0008000000000000229,1
2026-05-14 17:10:00,0.2776,0.279,0.2775,0.2778,84101.2,0.27661186516119646,0.27369478210170767,59.913252531243934,0.0013040666999394324,0.0015536457494158941,0.0015147802708081032,0.0003601008282319018,46165.0,0.18749999999997918,0.7500000000000209,-0.5625000000000417,-16042.440579999942,0.0015000000000000013,1
2026-05-14 17:15:00,0.2778,0.278,0.2763,0.2772,261083.9,0.27666787800298726,0.2738322416271309,56.41655763123693,0.0012001952226711743,0.0014829556440669502,0.0015280102514646698,-0.002159827213822907,176982.7,0.49999999999999695,0.4444444444444486,0.055555555555548364,-16199.090919999939,0.0017000000000000348,1
2026-05-14 17:20:00,0.2772,0.2782,0.2769,0.2777,162493.4,0.2767661753360361,0.27398391842606695,58.585702602596044,0.0011450230370886882,0.001415369122671298,0.0015117238049314808,0.0018037518037516964,-98590.5,0.5714285714285783,0.3571428571428515,0.2142857142857268,-16117.844219999939,0.0013000000000000234,1
2026-05-14 17:25:00,0.2776,0.2776,0.2747,0.2751,247104.1,0.27660749197069934,0.27402768633092706,45.81619629776514,0.0008813408627766361,0.0013085634706923657,0.0016180292474363752,-0.009362621534029447,84610.70000000001,0.13333333333333655,0.8333333333333304,-0.6999999999999938,-16735.60446999994,0.0029000000000000137,1
2026-05-14 17:30:00,0.2749,0.2757,0.2748,0.2757,37785.4,0.27652106416396605,0.274093267259126,48.60042300392509,0.0007125717420161659,0.0011893651249571258,0.0015667414440480637,0.0021810250817884125,-209318.7,0.9000000000000011,0.0,0.9000000000000011,-16705.37614999994,0.0009000000000000119,1
2026-05-14 17:35:00,0.2758,0.2766,0.2758,0.2759,58251.4,0.2764619151959693,0.274164119523474,49.53135967643364,0.0005881791631637268,0.001069127932598446,0.0015191170551874886,0.0007254261878852919,20466.0,0.11111111111109603,0.7777777777777957,-0.6666666666666996,-16699.551009999937,0.0008000000000000229,1
2026-05-14 17:40:00,0.2759,0.2762,0.2752,0.276,99584.9,0.27641792327254366,0.27423611483627897,50.0188005637439,0.0004919949015196878,0.0009537013263826944,0.0014820372655312394,0.0003624501631027677,41333.49999999999,0.7272727272727475,0.18181818181816164,0.5454545454545858,-16689.592519999933,0.0010000000000000009,1
2026-05-14 17:45:00,0.2761,0.2772,0.2761,0.2769,36110.8,0.2764638353418252,0.2743405809211308,54.29710112531513,0.0004828249540604346,0.0008595260519182425,0.001461891746564721,0.003260869565217206,-63474.09999999999,0.6666666666666451,0.2500000000000208,0.4166666666666243,-16660.703879999935,0.0010999999999999899,1
2026-05-14 17:50:00,0.2769,0.277,0.2763,0.2764,90978.3,0.2764577557854609,0.2744213424536355,51.65187451391912,0.0004302522037255563,0.0007736712822797053,0.0014074709075243862,-0.0018057060310581186,54867.5,0.12499999999998092,0.7500000000000243,-0.6250000000000434,-16706.193029999937,0.0007000000000000339,2
2026-05-14 17:55:00,0.2762,0.2763,0.2754,0.2754,30398.6,0.2763570171392265,0.2744597211809439,46.74672643918244,0.0003043874881785702,0.0006798145234594784,0.0013783658427012158,-0.00361794500723589,-60579.700000000004,0.0,0.9000000000000011,-0.9000000000000011,-16730.511909999936,0.0009000000000000119,2
2026-05-14 18:00:00,0.2753,0.2755,0.2739,0.2744,91724.5,0.2761706345545383,0.2744573791738481,42.40948392644939,0.00012253464849726337,0.0005683585484670354,0.0013941968539368465,-0.0036310820624546603,61325.9,0.2941176470588159,0.647058823529421,-0.35294117647060513,-16813.063959999938,0.0016000000000000458,2
2026-05-14 18:05:00,0.2745,0.2756,0.2745,0.2755,8852.2,0.2761067645969632,0.27449826626506973,48.11247659314375,6.64102339492656e-05,0.00046796888556348146,0.001380325650084217,0.0040087463556852665,-82872.3,0.833333333333341,0.08333333333332485,0.7500000000000162,-16804.211759999936,0.0010999999999999899,1
2026-05-14 18:10:00,0.2756,0.2774,0.2756,0.2774,55186.1,0.2762299298734429,0.2746120597448709,56.18360230591136,0.00017324825407322164,0.0004090247592654295,0.0014174452465067699,0.006896551724137723,46333.899999999994,0.9473684210526306,0.0,0.9473684210526306,-16704.876779999937,0.0017999999999999683,1
2026-05-14 18:15:00,0.2774,0.2791,0.2772,0.2789,114307.2,0.27648422226644837,0.2747802142646799,61.301458809154674,0.00037463703617518496,0.00040214721464738065,0.0014519134431848588,0.0054073540014418775,59121.1,0.8499999999999843,0.10000000000001612,0.7499999999999682,-16533.415979999936,0.0019000000000000128,1
2026-05-14 18:20:00,0.2789,0.2802,0.2789,0.2802,158351.9,0.27683810586012,0.2749927548817513,65.10549984578373,0.0006318546057858532,0.00044808869287507515,0.0014410624829573706,0.004661168877734045,44044.7,0.9285714285714297,0.0,0.9285714285714297,-16327.558509999932,0.0013000000000000234,1
2026-05-14 18:25:00,0.2801,0.2807,0.2796,0.2807,45348.4,0.27720590530201333,0.2752165684158003,66.47067007570388,0.0008660637602581622,0.0005316837063516925,0.0014167008770318433,0.0017844396859385547,-113003.5,0.916666666666666,0.0,0.916666666666666,-16300.349469999932,0.0010999999999999899,1
2026-05-14 18:30:00,0.2807,0.2809,0.2772,0.2773,171406.3,0.2772148667018216,0.27529827161518067,51.667867137255605,0.0007684662173489398,0.000579040208551142,0.0015797936715295675,-0.01211257570359825,126057.9,0.026315789473681444,0.9473684210526343,-0.9210526315789529,-16883.130889999935,0.003699999999999981,1
2026-05-14 18:35:00,0.2774,0.2783,0.2774,0.2781,18282.8,0.2772991651111719,0.2754081433165461,54.24956199892528,0.0007470611200001143,0.0006126443908409365,0.0015383798378488841,0.0028849621348721044,-153123.5,0.7000000000000256,0.1999999999999756,0.50000000000005,-16870.332929999935,0.0009000000000000119,1
2026-05-14 18:40:00,0.278,0.2784,0.2774,0.278,16539.3,0.2773659112910603,0.27550978475511295,53.86226134619619,0.0007138000195701655,0.0006328755165867823,0.0014999241351453924,-0.0003595828838547366,-1743.5,0.5454545454545858,0.3636363636363233,0.18181818181826254,-16870.332929999935,0.0010000000000000009,1
2026-05-14 18:45:00,0.2781,0.2799,0.2781,0.2794,83910.9,0.27755963402524503,0.27566234221569674,58.345824154127094,0.0007912871913749453,0.0006645578515444149,0.0015285009826350043,0.005035971223021463,67371.59999999999,0.6842105263157839,0.2631578947368467,0.42105263157893724,-16761.248759999937,0.0017999999999999683,1
2026-05-14 18:50:00,0.2794,0.2798,0.2789,0.2795,30830.2,0.2777444307847455,0.2758128385993949,58.65488769571116,0.0008509562041407737,0.0007018375220636867,0.0014836080553039335,0.0003579098067287845,-53080.7,0.6000000000000377,0.29999999999996335,0.3000000000000744,-16758.165739999935,0.0009000000000000119,1
2026-05-14 18:55:00,0.2794,0.2807,0.2793,0.28,96677.0,0.277959246900484,0.2759770410072618,60.24326836402405,0.0009278939639528749,0.0007470488104415244,0.0014776360513536534,0.0017889087656528524,65846.8,0.46666666666668544,0.4666666666666484,3.702593787124897e-14,-16700.15953999993,0.0014000000000000123,1
2026-05-14 19:00:00,0.28,0.2806,0.2798,0.2799,26781.5,0.27814408052900935,0.2761308825363888,59.748872521183316,0.0009696213374358331,0.0007915633158403862,0.0014292334762569653,-0.0003571428571430557,-69895.5,0.11111111111109603,0.7777777777777957,-0.6666666666666996,-16702.83768999993,0.0008000000000000229,1
2026-05-14 19:05:00,0.28,0.281,0.28,0.2804,33307.3,0.27835893000243705,0.2762982989075108,61.4522842015389,0.0010311499481425734,0.0008394806423008237,0.001405716799381471,0.0017863522686674127,6525.800000000003,0.3636363636363233,0.5454545454545858,-0.18181818181826254,-16689.514769999932,0.0010000000000000009,1
2026-05-14 19:10:00,0.2804,0.2805,0.2791,0.2794,31160.5,0.2784580795260145,0.27641993424447114,56.31882802693708,0.0009878330482900877,0.0008691511234986765,0.0014053084565685096,-0.003566333808844524,-2146.800000000003,0.1999999999999763,0.7333333333333575,-0.5333333333333812,-16720.675269999934,0.0014000000000000123,1
2026-05-14 19:15:00,0.2794,0.2794,0.2784,0.2788,171169.0,0.27849064338067975,0.27651327015645266,53.434595387167896,0.0008947747017015173,0.0008742758391392447,0.001376357852527902,-0.0021474588403721517,140008.5,0.36363636363637375,0.5454545454545354,-0.18181818181816167,-16823.376669999932,0.0010000000000000009,1
2026-05-14 19:20:00,0.2787,0.279,0.2777,0.2778,12896.4,0.278424867820615,0.27656373015031727,48.93636383089151,0.0007318967982294922,0.0008458000309572943,0.0013709037202044821,-0.0035868005738880493,-158272.6,0.07142857142856236,0.8571428571428674,-0.785714285714305,-16834.98342999993,0.0013000000000000234,1
2026-05-14 19:25:00,0.2778,0.2784,0.2771,0.2773,35055.0,0.27831773755198497,0.2765926034777558,46.81432776010265,0.0005560591610565546,0.0007878518569771464,0.0013658391687613024,-0.0017998560115191076,22158.6,0.1428571428571304,0.7857142857142965,-0.6428571428571661,-16852.51092999993,0.0012999999999999678,1
2026-05-14 19:30:00,0.2773,0.2784,0.277,0.2783,50105.0,0.2783160482613197,0.27665956020411836,51.357427575469124,0.0004917298537437387,0.0007286274563304649,0.001368279228135492,0.0036062026685899085,15050.0,0.8666666666666701,0.06666666666666124,0.8000000000000089,-16802.40592999993,0.0013999999999999568,1
2026-05-14 19:35:00,0.2784,0.2785,0.2777,0.278,44210.5,0.27828594842690835,0.27671212647062354,49.97817452485488,0.00041179401634772184,0.0006652607683339163,0.0013276878546972443,-0.0010779734099890526,-5894.5,0.3333333333333498,0.5555555555555419,-0.22222222222219212,-16820.09012999993,0.0008000000000000229,1
2026-05-14 19:40:00,0.2781,0.2785,0.2778,0.2785,46672.6,0.2783063342910123,0.27678223915805006,52.27849454687916,0.00038435945409903693,0.0006090805054869405,0.0012828530079331579,0.0017985611510791255,2462.0999999999985,0.8750000000000052,0.0,0.8750000000000052,-16801.42108999993,0.0007000000000000339,1
2026-05-14 19:45:00,0.2784,0.28,0.278,0.2792,249818.8,0.2783914453109159,0.27687705330871476,55.37265274257869,0.00041432543006830747,0.000570129490403214,0.0013340777930807895,0.0025134649910232287,203146.19999999998,0.571428571428561,0.3809523809523916,0.19047619047616937,-16601.566049999925,0.0020000000000000018,1
2026-05-14 19:50:00,0.2792,0.2798,0.279,0.2796,186025.2,0.27850654575749534,0.2769838355319024,57.08497075791839,0.0004649902211545931,0.0005491016365534898,0.0012959293792893024,0.0014326647564470996,-63793.59999999998,0.6666666666666791,0.22222222222220578,0.4444444444444733,-16527.155969999923,0.0007999999999999674,1
2026-05-14 19:55:00,0.2795,0.2797,0.2791,0.2791,58007.9,0.27856306520916246,0.2770668223737886,54.28129215338099,0.0004594997843001547,0.0005311812661028228,0.0012462201379114942,-0.0017882689556509845,-128017.30000000002,0.0,0.8571428571428549,-0.8571428571428549,-16550.359129999924,0.0005999999999999894,1
2026-05-14 20:00:00,0.2793,0.2805,0.2792,0.2804,52259.9,0.27873801137971843,0.27719753522187535,59.80842050358485,0.0005536653989093865,0.0005356780926641355,0.0012572044137749599,0.0046578287352201375,-5748.0,0.8571428571428277,0.07142857142860203,0.7857142857142256,-16492.873239999924,0.0013000000000000234,1
2026-05-14 20:05:00,0.2802,0.2803,0.2788,0.2789,18558.0,0.2787534388673643,0.2772642985465077,51.99721168439023,0.0005014741807381484,0.0005288373102789382,0.0012816898127910334,-0.005349500713266786,-33701.9,0.06249999999999306,0.875000000000007,-0.812500000000014,-16516.998639999925,0.0015000000000000013,1
2026-05-14 20:10:00,0.2789,0.2794,0.2778,0.2778,65986.2,0.27866263516571055,0.2772853064466447,47.13549043538116,0.00036711953196311153,0.0004964937546157728,0.0013044262547345302,-0.003944065973467192,47428.2,0.0,0.941176470588235,-0.941176470588235,-16589.583459999925,0.0015999999999999903,1
2026-05-14 20:15:00,0.2777,0.279,0.2776,0.2785,32486.2,0.27864714610230956,0.27733294148795273,50.31889120720352,0.00031351267572099495,0.0004598975388368173,0.0013112529508249216,0.0025197984161269282,-33500.0,0.600000000000003,0.3333333333333309,0.2666666666666721,-16563.594499999923,0.0014000000000000123,1
2026-05-14 20:20:00,0.2785,0.2787,0.2781,0.2787,35440.7,0.27865217980685153,0.2773865516256801,51.22266923655324,0.00028389462395611575,0.00042469695586067703,0.0012604491686231407,0.0007181328545780019,2954.4999999999964,0.8571428571428549,0.0,0.8571428571428549,-16556.506359999923,0.0005999999999999894,1
2026-05-14 20:25:00,0.2788,0.2788,0.2775,0.2777,59866.2,0.27856149601572283,0.2773988437187907,46.652808353881554,0.00017768225150266437,0.0003752940149890745,0.0012632742280071997,-0.0035880875493362607,24425.5,0.1428571428571304,0.7857142857142965,-0.6428571428571661,-16622.359179999923,0.0012999999999999678,1
2026-05-14 20:30:00,0.2778,0.2785,0.2778,0.2784,19181.6,0.27854611544279684,0.2774381047494264,50.01457008060842,0.00014828301665731347,0.00032989181532272233,0.001230183211720973,0.0025207057976233127,-40684.6,0.7499999999999549,0.12500000000005032,0.6249999999999046,-16610.850219999924,0.0007000000000000339,1
2026-05-14 20:35:00,0.2785,0.2791,0.2781,0.2783,21559.3,0.2785226758768162,0.2774719045631744,49.534341061264236,0.00011558238517839214,0.0002870299292938563,0.0012137415537409033,-0.0003591954022987842,2377.7000000000007,0.18181818181816164,0.7272727272727475,-0.5454545454545858,-16615.162079999925,0.0010000000000000009,1
2026-05-14 20:40:00,0.2783,0.2783,0.2778,0.2783,30622.2,0.2785014686504527,0.2775043788940303,49.53434106126424,8.864505413164192e-05,0.00024735295426141343,0.0011627600141879816,0.0,9062.900000000001,0.8333333333333334,0.0,0.8333333333333334,-16615.162079999925,0.0005000000000000004,1
2026-05-14 20:45:00,0.2784,0.279,0.278,0.2784,53400.2,0.27849180496945725,0.2775395012903428,50.09012717287976,7.450731551517098e-05,0.00021278382651216494,0.0011511342988888402,0.00035932446999642487,22777.999999999996,0.3636363636363233,0.5454545454545858,-0.18181818181826254,-16615.162079999925,0.0010000000000000009,1
2026-05-14 20:50:00,0.2783,0.2793,0.2782,0.2788,26451.7,0.278521156877128,0.2775889326122902,52.35067236307477,9.449048536819271e-05,0.00018912515828337052,0.0011474818489682081,0.001436781609195359,-26948.499999999996,0.4999999999999954,0.4166666666666705,0.08333333333332488,-16601.936229999927,0.0010999999999999899,1
2026-05-14 20:55:00,0.2789,0.2797,0.2789,0.2797,3139.3,0.27863342765073484,0.277671719568671,57.06290369664896,0.00018086487217194858,0.00018747310106108613,0.0011298045740419083,0.0032281205164992333,-23312.4,0.8888888888888917,0.0,0.8888888888888917,-16599.424789999928,0.0008000000000000229,1
2026-05-14 21:00:00,0.2797,0.2801,0.279,0.2791,44433.3,0.27867786311256965,0.277727730565978,53.27998226171141,0.00019861272653759476,0.00018970102615638787,0.001127675675896057,-0.002145155523775477,41294.0,0.08333333333332485,0.833333333333341,-0.7500000000000162,-16626.08476999993,0.0010999999999999899,1
2026-05-14 21:05:00,0.2792,0.2792,0.2789,0.279,8251.3,0.27870854281613444,0.27777762348495927,52.65346385564935,0.00020227713976950223,0.00019221624887901076,0.001068555984760626,-0.00035829451809388235,-36182.0,0.2500000000000972,0.49999999999991684,-0.24999999999981964,-16627.735029999927,0.00030000000000002247,1
2026-05-14 21:10:00,0.279,0.279,0.2767,0.2768,90721.9,0.27852677683364546,0.27773928530907854,41.18064221122426,2.7344390708838873e-05,0.00015924187724497638,0.0011565162715634401,-0.007885304659498327,82470.59999999999,0.04166666666666166,0.9166666666666722,-0.8750000000000105,-16827.32320999993,0.0023000000000000242,1
2026-05-14 21:15:00,0.2767,0.2774,0.2761,0.2762,69900.2,0.27830517903996493,0.27767892117931076,38.7037366720599,-0.00015788604676847395,9.581629244228632e-05,0.0011667651093089063,-0.0021676300578034047,-20821.699999999997,0.0714285714285652,0.8571428571428616,-0.7857142857142965,-16862.27330999993,0.0012999999999999678,2
2026-05-14 21:20:00,0.2762,0.2773,0.2759,0.2771,49366.3,0.2781904000837778,0.2776562183879652,44.131937215580486,-0.00022941546591143114,3.076994077154283e-05,0.0011834247443582707,0.0032585083272991255,-20533.899999999994,0.8000000000000163,0.13333333333331754,0.6666666666666987,-16817.84363999993,0.0014000000000000123,2
2026-05-14 21:25:00,0.2773,0.2777,0.277,0.2776,7517.9,0.2781341715043704,0.2776540137452999,46.943038152100385,-0.00024295657246603541,-2.397536187597282e-05,0.0011488944054755357,0.0018044027426922238,-41848.4,0.750000000000007,0.12499999999998959,0.6250000000000174,-16815.58826999993,0.0006999999999999784,2
2026-05-14 21:30:00,0.2778,0.2796,0.2778,0.2795,22329.3,0.2782642504087161,0.2777264053631313,56.00261601807061,-9.923001409756216e-05,-3.902629232029069e-05,0.0012096876622272833,0.006844380403458361,14811.4,0.8947368421052703,0.052631578947361965,0.8421052631579083,-16777.62845999993,0.0018000000000000238,1
2026-05-14 21:35:00,0.2794,0.2798,0.2794,0.2796,51846.2,0.27839146465550507,0.2777998796626164,56.42435186997757,2.2484298175140527e-05,-2.672417422120445e-05,0.0011518528292110495,0.0003577817531306149,29516.899999999998,0.40000000000005775,0.39999999999994673,1.1102230246251565e-13,-16767.25921999993,0.00040000000000001146,2
2026-05-14 21:40:00,0.2793,0.2797,0.2787,0.2788,53786.4,0.2784303727835522,0.277839100068004,52.120137523910714,5.377061920736059e-05,-1.0625215535491441e-05,0.0011410061985531173,-0.0028612303290416197,1940.2000000000044,0.09090909090908082,0.8181818181818283,-0.7272727272727475,-16794.15241999993,0.0010000000000000009,2
2026-05-14 21:45:00,0.2787,0.28,0.2785,0.28,185398.8,0.2785798610898806,0.27792384124180775,57.37291377009622,0.00017339641922742288,2.6179111417091422e-05,0.0011666486129421805,0.004304160688665792,131612.4,0.9375,0.0,0.9375,-16553.133979999926,0.0015000000000000013,1
2026-05-14 21:50:00,0.2799,0.2801,0.2795,0.2801,58242.7,0.27872463622417765,0.27800918080095255,57.78850860473868,0.0002731215170296841,7.556759253960997e-05,0.001126173712017738,0.00035714285714272265,-127156.09999999999,0.8571428571428549,0.0,0.8571428571428549,-16541.485439999924,0.0005999999999999894,1
2026-05-14 21:55:00,0.2801,0.2814,0.2801,0.2811,51016.4,0.27895086134568453,0.27813038939699364,61.7993871179988,0.0004279133000140156,0.0001460367340344911,0.0011385898754450402,0.003570153516601282,-7226.299999999996,0.7142857142857313,0.2142857142856956,0.5000000000000357,-16490.469039999924,0.0012999999999999678,1
2026-05-14 22:00:00,0.2811,0.2817,0.2804,0.2811,70174.8,0.2791555412175241,0.2782468447147586,61.7993871179988,0.0005443124086198514,0.00022569186895156316,0.0011501191700561107,0.0,19158.4,0.5000000000000159,0.42857142857141384,0.07142857142860204,-16490.469039999924,0.0013000000000000234,1
2026-05-14 22:05:00,0.2812,0.2827,0.2812,0.2826,53883.4,0.27948358491109326,0.27841755668672885,67.21817942673444,0.0007489634206771512,0.00033034617929668077,0.0011822535150521022,0.005336179295624355,-16291.400000000001,0.875000000000007,0.06249999999999306,0.812500000000014,-16415.032279999923,0.0015000000000000013,1
2026-05-14 22:10:00,0.2827,0.2833,0.2823,0.2829,80576.1,0.27980895777670345,0.27859333877744535,68.19005305735327,0.0009246989609422163,0.0004492167356257879,0.0011692354068340949,0.0010615711252652815,26692.700000000004,0.5454545454545354,0.36363636363637375,0.18181818181816167,-16398.917059999923,0.0010000000000000009,1
2026-05-14 22:15:00,0.2828,0.2828,0.2824,0.2827,25194.8,0.2800842951313031,0.27875438431558475,66.76888871539094,0.001035891205184769,0.0005665516295375842,0.0011214328777745168,-0.0007069635913750094,-55381.3,0.6000000000000312,0.19999999999997337,0.4000000000000578,-16401.436539999922,0.00040000000000001146,1
2026-05-14 22:20:00,0.2827,0.2833,0.2827,0.2828,21936.5,0.2803429336902266,0.27891303591105204,67.137676248637,0.0011191798158570743,0.0006770772668014822,0.0010841876722191934,0.00035373187124165817,-3258.2999999999993,0.14285714285712928,0.7142857142857256,-0.5714285714285964,-16399.24288999992,0.0005999999999999894,1
2026-05-14 22:25:00,0.2828,0.2831,0.2822,0.2828,49517.9,0.28057694000544314,0.2790654658753245,67.137676248637,0.0011716802394224346,0.0007759978613256727,0.0010710314099178233,0.0,27581.4,0.5999999999999822,0.30000000000001886,0.29999999999996335,-16399.24288999992,0.0009000000000000119,0
2026-05-14 22:30:00,0.2829,0.283,0.2819,0.282,58744.8,0.28071246952873424,0.2791805456449196,60.870163988932994,0.0011356429047295058,0.0008479268700064394,0.0010731005949236923,-0.0028288543140029265,9226.900000000001,0.08333333333332485,0.833333333333341,-0.7500000000000162,-16452.113209999923,0.0010999999999999899,0
2026-05-14 22:35:00,0.2819,0.282,0.2804,0.2812,102130.9,0.28075890100218814,0.2792597399333542,55.30965532117664,0.0010306490623948061,0.0008844713084841128,0.0011107362667148566,-0.0028368794326240065,43386.09999999999,0.4705882352941338,0.47058823529410115,3.26405569239796e-14,-16523.60483999992,0.0015999999999999903,1
2026-05-14 22:40:00,0.2812,0.2816,0.281,0.2815,27324.4,0.2808294818591226,0.2793475932693011,56.899689289583016,0.0009605752649828325,0.0008996920997838567,0.0010742551048066517,0.001066856330014021,-74806.5,0.7142857142856464,0.14285714285720857,0.5714285714284377,-16515.40751999992,0.0005999999999999894,0
2026-05-14 22:45:00,0.2814,0.2818,0.2813,0.2818,26771.2,0.2809219121582538,0.2794437660822697,58.49016975320195,0.0009186590389195226,0.00090348548761099,0.001033236883034748,0.00106571936056854,-553.2000000000007,0.8333333333333334,0.0,0.8333333333333334,-16504.69903999992,0.0005000000000000004,0
2026-05-14 22:50:00,0.2818,0.2818,0.2802,0.2802,33945.9,0.2808531586193725,0.2794734223143375,48.26124720331094,0.0007477143143523324,0.0008723312529592585,0.0010737199628179795,-0.005677785663591117,7174.700000000001,0.0,0.941176470588235,-0.941176470588235,-16559.012479999918,0.0015999999999999903,1
2026-05-14 22:55:00,0.2802,0.2804,0.2796,0.2797,38364.2,0.28074333398895607,0.2794823077137753,45.57872173059885,0.0005653762616076308,0.000810940254688933,0.0010541685369024072,-0.0017844396859386658,4418.299999999996,0.11111111111110289,0.7777777777777819,-0.666666666666679,-16578.19457999992,0.0007999999999999674,1
2026-05-14 23:00:00,0.2797,0.28,0.279,0.279,42823.6,0.28057730218048405,0.2794633936857841,42.054445478730266,0.00036023532271522996,0.0007207992682941925,0.0010502993556950923,-0.0025026814444046863,4459.4000000000015,0.0,0.9090909090909092,-0.9090909090909092,-16608.17109999992,0.0010000000000000009,1
2026-05-14 23:05:00,0.2789,0.2793,0.2777,0.2784,41636.5,0.280369940068057,0.2794216919726161,39.25278097918099,0.00014754387118742773,0.0006061481888728396,0.0010895636874311565,-0.0021505376344087557,-1187.0999999999985,0.4117647058823426,0.5294117647058924,-0.11764705882354975,-16628.98934999992,0.0015999999999999903,1
2026-05-14 23:10:00,0.2784,0.2785,0.2779,0.2783,62599.7,0.2801728029187182,0.27937770405212137,38.78896485843128,-2.875335005164681e-05,0.00047916788108794237,0.0010545948526146484,-0.0003591954022987842,20963.199999999997,0.5714285714285511,0.2857142857143152,0.2857142857142359,-16635.24931999992,0.0006000000000000449,1
2026-05-14 23:15:00,0.2782,0.2794,0.2782,0.2788,40566.6,0.2800420597836022,0.27935504899125385,42.45056693354611,-0.0001266642401955842,0.00035800145683123705,0.0010649809345707434,0.0017966223499821243,-22033.1,0.4615384615384609,0.4615384615384609,0.0,-16610.909359999918,0.0011999999999999789,1
2026-05-14 23:20:00,0.2788,0.2792,0.2783,0.2792,30493.5,0.2799618636137353,0.27934896863865566,45.271109979314616,-0.00017002275252836485,0.0002523966149593167,0.0010531965821014054,0.0014347202295552641,-10073.099999999999,0.9000000000000011,0.0,0.9000000000000011,-16598.711959999917,0.0009000000000000119,0
2026-05-14 23:25:00,0.2793,0.2801,0.2791,0.2798,36711.0,0.27994644803147484,0.2793666561430221,49.286187077845995,-0.0001541922678600094,0.0001710788383954515,0.0010493968262370193,0.0021489971346704273,6217.5,0.6363636363636161,0.2727272727272929,0.36363636363632323,-16580.356459999915,0.0010000000000000009,0
2026-05-14 23:30:00,0.2795,0.2795,0.2784,0.2787,28112.7,0.2798277386951439,0.2793405127648644,43.05053444061106,-0.00022778157738923,9.13067552385152e-05,0.0010744399100772331,-0.00393137955682632,-8598.3,0.25000000000000927,0.6666666666666605,-0.41666666666665125,-16602.846619999917,0.0011000000000000454,1
2026-05-14 23:35:00,0.2787,0.2793,0.278,0.2782,63173.0,0.27967271596227306,0.2792957867740854,40.53980262614913,-0.00032272725776238964,8.49995263833423e-06,0.0010905513450717142,-0.0017940437746680749,35060.3,0.1428571428571304,0.7857142857142965,-0.6428571428571661,-16634.433119999918,0.0012999999999999678,1
2026-05-14 23:40:00,0.2781,0.2787,0.2772,0.2774,45775.4,0.27945626682300895,0.2792214421947095,36.8379285183212,-0.0004572547593907905,-8.465098976749073e-05,0.0011197976775665919,-0.0028756290438534116,-17397.6,0.12499999999998612,0.8125000000000139,-0.6875000000000278,-16666.475899999918,0.0015000000000000013,1
2026-05-14 23:45:00,0.2772,0.2774,0.2761,0.2761,54055.0,0.27913662236367476,0.2790990326968778,31.76229820026785,-0.0006611466223829243,-0.00019995011629057746,0.0011326692720261186,-0.004686373467916227,8279.599999999999,0.0,0.9285714285714269,-0.9285714285714269,-16725.93639999992,0.0012999999999999678,1
2026-05-14 23:50:00,0.2763,0.2763,0.2757,0.2762,16057.0,0.2788569440433248,0.2789853451401375,32.53237061003664,-0.0008053793170647028,-0.00032103595644540254,0.0010946214668813951,0.0003621876131836288,-37998.0,0.7142857142857256,0.14285714285712928,0.5714285714285964,-16727.54209999992,0.0005999999999999894,1
2026-05-14 23:55:00,0.2763,0.2767,0.2759,0.2767,26459.0,0.2786515208011034,0.27889572376209293,36.397265167213156,-0.0008693179887719338,-0.0004306923629107088,0.0010735770763898686,0.001810282404055119,10402.0,0.8888888888888917,0.0,0.8888888888888917,-16716.958499999917,0.0008000000000000229,1
2026-05-15 00:00:00,0.2767,0.2771,0.2764,0.277,45622.6,0.2784942331057602,0.27882138165377557,38.66749000746761,-0.0008855740080437324,-0.0005216686919373135,0.0010468929995048803,0.0010842067220817597,19163.6,0.7500000000000243,0.12499999999998092,0.6250000000000434,-16703.271719999917,0.0007000000000000339,1
2026-05-15 00:05:00,0.277,0.2774,0.277,0.2773,9492.0,0.2783804966194973,0.27876171962813734,40.937811194815914,-0.0008642865700596025,-0.0005901922675617714,0.0010006863566831,0.0010830324909745226,-36130.6,0.5999999999999868,0.19999999999999557,0.3999999999999912,-16700.424119999916,0.00039999999999995595,1
2026-05-15 00:10:00,0.2774,0.2782,0.2774,0.2782,18697.0,0.2783633064652595,0.2787396914074261,47.246690414410196,-0.0007659640865100847,-0.0006253466313514341,0.0009934944740628794,0.0032455824017310064,9205.0,0.8888888888888917,0.0,0.8888888888888917,-16685.466519999914,0.0008000000000000229,1
2026-05-15 00:15:00,0.2782,0.2784,0.2769,0.2779,39107.8,0.27831918203999667,0.2787067623326251,45.50192952453813,-0.0007041334901506935,-0.000641104003111286,0.0010296734402012453,-0.0010783608914450848,20410.800000000003,0.625,0.3125,0.3125,-16697.198859999917,0.0015000000000000013,1
2026-05-15 00:20:00,0.2779,0.2779,0.2772,0.2774,13186.5,0.2782316408933303,0.2786555167509535,42.673433661783804,-0.0006875524418332168,-0.0006503936908556721,0.0010061253373297263,-0.0017992083483266974,-25921.300000000003,0.24999999999997918,0.6250000000000174,-0.37500000000003825,-16703.79210999992,0.0006999999999999784,1
2026-05-15 00:25:00,0.2774,0.2774,0.2768,0.2769,5936.2,0.27810481795110836,0.2785866729567985,39.99595228169677,-0.00070661227643537,-0.0006616374079716118,0.0009771163846633165,-0.0018024513338139592,-7250.3,0.14285714285712928,0.7142857142857256,-0.5714285714285964,-16706.760209999917,0.0005999999999999894,1
2026-05-15 00:30:00,0.277,0.278,0.2766,0.2772,53486.0,0.27801864481290756,0.27853229362515936,42.333851314474444,-0.0006895610097967797,-0.0006672221283366453,0.0010073223571873662,0.0010834236186350044,47549.8,0.39999999999998964,0.5333333333333442,-0.13333333333335456,-16696.063009999918,0.0014000000000000123,1
2026-05-15 00:35:00,0.2771,0.2772,0.2764,0.2766,18999.5,0.2778835357831068,0.2784565174045649,39.056289690670376,-0.0007162067580451792,-0.0006770190542783522,0.0009925136173882703,-0.0021645021645021467,-34486.5,0.22222222222225377,0.6666666666666379,-0.44444444444438413,-16705.562759999917,0.0008000000000000229,1
2026-05-15 00:40:00,0.2765,0.2765,0.2745,0.2755,118434.0,0.2776565323751919,0.27834057554556235,33.877786680918376,-0.0008166704439031003,-0.0007049493322033018,0.0010716197875748218,-0.00397686189443236,99434.5,0.4761904761904763,0.4761904761904763,0.0,-16823.996759999918,0.0020000000000000018,1
2026-05-15 00:45:00,0.2754,0.276,0.2751,0.276,17836.8,0.2774987673870784,0.2782487882692658,37.9078507011215,-0.0008461884833199651,-0.0007331971624266345,0.001059361231319478,0.001814882032667775,-100597.2,0.9000000000000011,0.0,0.9000000000000011,-16813.29467999992,0.0009000000000000119,1
2026-05-15 00:50:00,0.2759,0.276,0.2753,0.2755,5318.3,0.277308408588309,0.27814099265086323,35.57294640470475,-0.0008995580186657026,-0.0007664693336744482,0.0010336925719395178,-0.0018115942028985588,-12518.5,0.25000000000003125,0.624999999999974,-0.37499999999994277,-16815.42199999992,0.0007000000000000339,1
2026-05-15 00:55:00,0.2756,0.2763,0.2755,0.276,19464.3,0.2771837982465653,0.27805703215475097,39.58069379628537,-0.0008912343438663428,-0.0007914223357128272,0.0010170002453724072,0.001814882032667775,14146.0,0.5555555555555761,0.33333333333330867,0.22222222222226745,-16807.63627999992,0.0007999999999999674,1
2026-05-15 01:00:00,0.2759,0.2766,0.2758,0.2761,43119.7,0.27708057936594005,0.27798028579574113,40.379501694351504,-0.000866579221515118,-0.0008064537128732854,0.0010015002278458084,0.00036231884057968955,23655.399999999998,0.3333333333333498,0.5555555555555419,-0.22222222222219212,-16799.012339999917,0.0008000000000000229,1
2026-05-15 01:05:00,0.2761,0.2767,0.2757,0.2757,38185.4,0.2769490956168029,0.2778908628233591,38.20371229363858,-0.0008692958154391528,-0.000819022133386459,0.001001393068713965,-0.0014487504527345152,-4934.299999999996,0.0,0.9090909090909092,-0.9090909090909092,-16814.28649999992,0.0010000000000000009,1
2026-05-15 01:10:00,0.2757,0.2757,0.2753,0.2756,24356.8,0.2768206103199645,0.27780102506558035,37.65741245933127,-0.0008694949039501632,-0.0008291166874991999,0.0009584364209486827,-0.00036271309394264595,-13828.600000000002,0.6000000000000312,0.19999999999997337,0.4000000000000578,-16816.722179999917,0.00040000000000001146,1
2026-05-15 01:15:00,0.2755,0.2765,0.2755,0.276,15747.1,0.2767424569561584,0.277730396631636,41.27479720526977,-0.0008278332792343024,-0.0008288600058462205,0.0009614052480237769,0.0014513788098693414,-8609.699999999999,0.4545454545454546,0.4545454545454546,0.0,-16808.848629999917,0.0010000000000000009,1
2026-05-15 01:20:00,0.276,0.276,0.2755,0.2756,13566.3,0.27663365153176234,0.27764685166568953,38.847317553356234,-0.0008176672395938112,-0.0008266214525957387,0.0009284477303077929,-0.0014492753623188692,-2180.800000000001,0.16666666666664817,0.6666666666666852,-0.500000000000037,-16814.275149999918,0.0005000000000000004,1
2026-05-15 01:25:00,0.2755,0.2757,0.2749,0.275,17727.3,0.2764780656715945,0.2775430535611527,35.47683941451402,-0.0008482474964043862,-0.0008309466613574683,0.0009192728924286664,-0.002177068214804012,4161.0,0.11111111111115772,0.7777777777777339,-0.6666666666665763,-16823.138799999917,0.0008000000000000229,1
2026-05-15 01:30:00,0.2749,0.2752,0.273,0.2738,62606.7,0.2762230117981093,0.2773962671469899,29.891030815808946,-0.0009582662446587231,-0.0008564105780177193,0.0010107534001123316,-0.004363636363636458,44879.399999999994,0.3478260869565107,0.6086956521739239,-0.26086956521741317,-16892.006169999917,0.0021999999999999797,1
2026-05-15 01:35:00,0.2739,0.2742,0.2732,0.2739,313962.6,0.27600177257924174,0.2772591586314217,30.867873174093447,-0.0010255656486225506,-0.0008902415921386857,0.0010099853001043079,0.00036523009495970093,251355.89999999997,0.6363636363636161,0.2727272727272929,0.36363636363632323,-16892.006169999917,0.0010000000000000009,1
2026-05-15 01:40:00,0.2739,0.2746,0.2738,0.2743,12552.1,0.27583969900026634,0.2771431131948954,34.78223942621442,-0.0010346969121426963,-0.0009191326561394879,0.0009949863500968588,0.0014603870025557963,-301410.5,0.5555555555555419,0.3333333333333498,0.22222222222219212,-16886.985329999916,0.0008000000000000229,1
2026-05-15 01:45:00,0.2742,0.2744,0.2735,0.2738,30430.9,0.2756454419526219,0.2770120107166642,32.318854939389595,-0.0010699456580670619,-0.0009492952565250028,0.000988201610804223,-0.0018228217280350512,17878.800000000003,0.29999999999998,0.6000000000000155,-0.3000000000000355,-16899.157689999916,0.0008999999999999564,1
2026-05-15 01:50:00,0.2737,0.2738,0.2728,0.2736,33338.2,0.2754506379571341,0.27687820637483423,31.362049207291534,-0.001101323499938689,-0.0009797009052077402,0.0009890443528896356,-0.0007304601899196239,2907.2999999999956,0.7272727272727475,0.18181818181816164,0.5454545454545858,-16902.491509999916,0.0010000000000000009,1
2026-05-15 01:55:00,0.2735,0.2735,0.2728,0.2728,15300.2,0.27519819624693087,0.27671827671307603,27.81482376692297,-0.0011771742478445257,-0.0010191955737350973,0.0009755411848260918,-0.0029239766081872176,-18037.999999999996,0.0,0.8750000000000052,-0.8750000000000052,-16913.201649999915,0.0007000000000000339,1
2026-05-15 02:00:00,0.2727,0.2742,0.272,0.2742,214184.3,0.27510312993769936,0.2766195207635436,40.49825583017325,-0.0011115054691628323,-0.0010376575528206443,0.001063002528767084,0.00513196480938416,198884.09999999998,0.9565217391304345,0.0,0.9565217391304345,-16591.925199999914,0.0021999999999999797,0
2026-05-15 02:05:00,0.2742,0.2742,0.2727,0.2731,31196.5,0.2749123556579185,0.27648150034144386,35.2564946572499,-0.0011351381300913066,-0.0010571536682747768,0.0010942166338551494,-0.0040116703136396925,-182987.8,0.25000000000000694,0.6874999999999931,-0.4374999999999862,-16626.241349999913,0.0015000000000000013,1
2026-05-15 02:10:00,0.273,0.273,0.2724,0.2726,25942.0,0.2746921313095453,0.2763292846417794,33.155802306398016,-0.0011806037404472614,-0.0010818436827092737,0.0010660583028654985,-0.0018308311973636027,-5254.5,0.2857142857143152,0.5714285714285511,-0.2857142857142359,-16636.618149999915,0.0006000000000000449,1
2026-05-15 02:15:00,0.2725,0.2727,0.2714,0.2721,47610.0,0.2744452616610172,0.2761634303421018,31.156594284843422,-0.001242656811347831,-0.0011140063084369852,0.0010827684240893932,-0.0018341892883345645,21668.0,0.5000000000000159,0.42857142857141384,0.07142857142860204,-16655.662149999916,0.0013000000000000234,1
2026-05-15 02:20:00,0.2721,0.2726,0.2717,0.2725,23128.0,0.27425999864568223,0.2760197664071174,34.5562972791263,-0.0012452037265964777,-0.0011402457920688838,0.0010697135366544374,0.0014700477765527964,-24482.0,0.8000000000000134,0.0999999999999878,0.7000000000000256,-16646.410949999918,0.0009000000000000119,1
2026-05-15 02:25:00,0.2726,0.2726,0.2711,0.2714,44951.0,0.2739876178222839,0.27583859909703434,30.147259259486333,-0.0013207581049069494,-0.001176348254636497,0.0011004482840362634,-0.004036697247706611,21823.0,0.18749999999997918,0.7500000000000209,-0.5625000000000417,-16700.35214999992,0.0015000000000000013,1
2026-05-15 02:30:00,0.2712,0.2715,0.2705,0.271,48143.3,0.2737030827915902,0.2756488501128369,28.712623952076967,-0.0013968105881427828,-0.0012204407213377542,0.0010932734066051019,-0.0014738393515105752,3192.300000000003,0.4545454545454546,0.4545454545454546,0.0,-16709.980809999917,0.0010000000000000009,1
2026-05-15 02:35:00,0.2711,0.2729,0.2711,0.2721,30342.8,0.2735504082400102,0.27550967952017663,37.51832113868048,-0.0013527285099014241,-0.0012468982790504882,0.0011508967347047345,0.00405904059040596,-17800.500000000004,0.5263157894736934,0.42105263157893724,0.10526315789475615,-16679.63800999992,0.0017999999999999683,1
2026-05-15 02:40:00,0.272,0.2727,0.2717,0.2726,34193.1,0.27345989316953306,0.275395574440954,41.0809366460905,-0.0012628895197134282,-0.0012500965271830763,0.0011401183965115394,0.0018375597206909955,3850.2999999999993,0.8181818181818283,0.09090909090908082,0.7272727272727475,-16659.12214999992,0.0010000000000000009,1
2026-05-15 02:45:00,0.2727,0.2728,0.2721,0.2724,15815.6,0.27335895096291085,0.27527810093346566,40.096102500386785,-0.001194065359085117,-0.0012388902935634846,0.001108681368189285,-0.0007336757153338924,-18377.5,0.3749999999999688,0.5000000000000278,-0.12500000000005895,-16663.86682999992,0.0006999999999999784,1
2026-05-15 02:50:00,0.2725,0.2738,0.2725,0.2735,53520.1,0.2733723842045384,0.27520837148509447,47.544474756612956,-0.0010387864257257462,-0.001198869519995937,0.0011294898418900514,0.004038179148311505,37704.5,0.7142857142857313,0.2142857142856956,0.5000000000000357,-16610.346729999917,0.0012999999999999678,1
2026-05-15 02:55:00,0.2734,0.2735,0.2725,0.2725,40955.6,0.27328929999458235,0.2751021608386202,42.384947173205454,-0.0009850631995811931,-0.0011561082559129882,0.0011202405674693335,-0.003656307129798919,-12564.5,0.0,0.9090909090909092,-0.9090909090909092,-16647.206769999917,0.0010000000000000009,1
2026-05-15 03:00:00,0.2724,0.2727,0.2721,0.2722,22694.4,0.27318555713795545,0.2749883506096547,40.94925341941799,-0.0009556781853701235,-0.0011160222418044152,0.001083080526935809,-0.0011009174311927827,-18261.199999999997,0.14285714285712928,0.7142857142857256,-0.5714285714285964,-16651.745649999917,0.0005999999999999894,1
2026-05-15 03:05:00,0.2721,0.2721,0.2714,0.2716,11982.9,0.2730345516962454,0.2748554741151584,38.16487243672138,-0.0009696280667105261,-0.0010867434067856376,0.0010628604892975386,-0.0022042615723731895,-10711.500000000002,0.25000000000003125,0.624999999999974,-0.37499999999994277,-16657.73709999992,0.0007000000000000339,1
2026-05-15 03:10:00,0.2717,0.2726,0.2717,0.2722,18049.9,0.27295507058231727,0.2747513378753483,42.383889583067855,-0.0009216443205617431,-0.0010537235895408587,0.0010583704543477145,0.0022091310751104487,6067.000000000002,0.49999999999999445,0.4000000000000067,0.09999999999998777,-16648.71214999992,0.0009000000000000119,1
2026-05-15 03:15:00,0.2722,0.2723,0.2715,0.2723,15546.6,0.2728926829078109,0.2746552069782758,43.08094474135851,-0.0008655699402963513,-0.0010160928596919573,0.001039915421894304,0.00036737692872890193,-2503.300000000001,0.8888888888888848,0.0,0.8888888888888848,-16647.157489999918,0.0007999999999999674,1
2026-05-15 03:20:00,0.2724,0.2725,0.2719,0.2724,55262.5,0.2728457607261146,0.27456676748893166,43.812999787198365,-0.0008037957684041142,-0.0009736334414343887,0.0010084928917589997,0.00036724201248627963,39715.9,0.714285714285669,0.14285714285719725,0.5714285714284717,-16647.157489999918,0.0006000000000000449,1
2026-05-15 03:25:00,0.2724,0.2724,0.2715,0.2717,59044.8,0.27273664065696085,0.27445434523446377,39.94057418502351,-0.0008020775907858768,-0.0009393222713046864,0.0010007433994904966,-0.0025697503671071598,3782.300000000003,0.1999999999999867,0.700000000000009,-0.5000000000000222,-16688.488849999918,0.0008999999999999564,1
2026-05-15 03:30:00,0.2715,0.2715,0.2702,0.2705,44808.1,0.27252362726105983,0.27429927287232797,34.33760778182575,-0.0008873174505917292,-0.000928921307162095,0.0010364045852411755,-0.004416635995583285,-14236.700000000004,0.21428571428572676,0.714285714285703,-0.49999999999997624,-16733.296949999916,0.0013000000000000234,1
2026-05-15 03:35:00,0.2705,0.2708,0.2702,0.2704,120467.0,0.2723213770457208,0.27414636021066807,33.910690452276896,-0.0009519661447348615,-0.0009335302746766484,0.0010052328291525194,-0.00036968576709817125,75658.9,0.28571428571425855,0.5714285714285964,-0.2857142857143378,-16745.343649999922,0.0005999999999999894,1
2026-05-15 03:40:00,0.2706,0.2717,0.2706,0.2717,19137.1,0.2722621982794617,0.2740504245161321,43.70880000699974,-0.000888064510291664,-0.0009244371217996516,0.0010262876270701984,0.004807692307692291,-101329.9,0.916666666666666,0.0,0.916666666666666,-16724.292839999922,0.0010999999999999899,1
2026-05-15 03:45:00,0.2717,0.2718,0.2713,0.2713,18297.2,0.2721705603480844,0.2739425647311857,41.66210285366028,-0.0008597875658100662,-0.0009115072106017346,0.0009886956537080414,-0.0014722119985278725,-839.8999999999978,0.0,0.8333333333333334,-0.8333333333333334,-16731.61171999992,0.0005000000000000004,1
2026-05-15 03:50:00,0.2714,0.2714,0.271,0.2714,3669.4,0.27209717364826685,0.27384285631035493,42.388408246272355,-0.0008198579077026702,-0.0008931773500219218,0.0009466459641574639,0.0003685956505712351,-14627.800000000001,0.7999999999999823,0.0,0.7999999999999823,-16731.61171999992,0.00039999999999995595,1
2026-05-15 03:55:00,0.2715,0.2719,0.2715,0.2716,8543.1,0.2720498237770033,0.27375490116092926,43.89293774457495,-0.0007632764615193577,-0.0008671971723214091,0.0009147426810033594,0.0007369196757553986,4873.700000000001,0.19999999999999557,0.5999999999999868,-0.3999999999999912,-16730.757409999922,0.00039999999999995595,1
2026-05-15 04:00:00,0.2716,0.2716,0.271,0.2712,9444.6,0.27196888817919346,0.2736547089585399,41.55553072051014,-0.0007421567932957562,-0.0008421890965162786,0.0008922610609316901,-0.0014727540500736325,901.5,0.28571428571425855,0.5714285714285964,-0.2857142857143378,-16734.53524999992,0.0005999999999999894,1
2026-05-15 04:05:00,0.2713,0.2719,0.2713,0.2716,10817.8,0.2719337559716512,0.27357413213663634,44.72545960539085,-0.0006852435855046468,-0.0008107999943139523,0.0008785281280079964,0.001474926253687281,1373.199999999999,0.42857142857146713,0.4285714285713878,7.932543510946743e-14,-16731.28990999992,0.0005999999999999894,1
2026-05-15 04:10:00,0.2715,0.2715,0.2709,0.271,19353.7,0.27184482683149397,0.2734731857783369,41.12248353439612,-0.000680707669594216,-0.0007847815293700051,0.0008657761188645705,-0.0022091310751104487,8535.900000000001,0.14285714285719725,0.714285714285669,-0.5714285714284717,-16740.96675999992,0.0006000000000000449,1
2026-05-15 04:15:00,0.2711,0.2713,0.2705,0.2705,7146.6,0.2717167480856374,0.2733565902576178,38.349961923247356,-0.0007092825768484357,-0.0007696817388656912,0.0008610778246599559,-0.0018450184501844769,-12207.1,0.0,0.8888888888888848,-0.8888888888888848,-16745.25471999992,0.0007999999999999674,1
2026-05-15 04:20:00,0.2705,0.2706,0.2703,0.2706,31422.4,0.2716103911251005,0.27324848867888774,39.23239625202063,-0.0007156101243912527,-0.0007588674159708036,0.0008210008371842463,0.0003696857670978382,24275.800000000003,0.7500000000000141,0.0,0.7500000000000141,-16742.11247999992,0.00030000000000002247,1
2026-05-15 04:25:00,0.2707,0.2707,0.2699,0.2701,52379.8,0.2714665443512814,0.2731250185346176,36.425002532430526,-0.0007522985434131879,-0.0007575536414592804,0.0008195007773853732,-0.0018477457501847594,20957.4,0.22222222222225377,0.6666666666666379,-0.44444444444438413,-16773.54035999992,0.0008000000000000229,1
2026-05-15 04:30:00,0.2699,0.2704,0.2693,0.2704,35405.8,0.2713649686987784,0.27301815506267185,39.234641312576734,-0.0007485382045453459,-0.0007557505540764936,0.0008395364361435601,0.0011106997408365515,-16974.0,0.916666666666666,0.0,0.916666666666666,-16755.83745999992,0.0010999999999999899,1
2026-05-15 04:35:00,0.2704,0.2704,0.2698,0.2699,6884.8,0.2712254478703233,0.2728958744719788,36.351167977990535,-0.0007769477600814145,-0.0007599899952774778,0.0008224266907047336,-0.0018491124260354708,-28521.000000000004,0.14285714285712928,0.7142857142857256,-0.5714285714285964,-16759.27985999992,0.0005999999999999894,1
2026-05-15 04:40:00,0.27,0.2704,0.2699,0.2699,2643.7,0.27109921473981635,0.2727783891985679,36.351167977990535,-0.0007903518533352027,-0.0007660623668890228,0.0007993962127972527,0.0,-4241.1,0.0,0.8333333333333334,-0.8333333333333334,-16759.54422999992,0.0005000000000000004,1
2026-05-15 04:45:00,0.2698,0.2699,0.269,0.2693,38427.7,0.27092786095507193,0.2726419817790162,32.97811830108883,-0.0008397100249348255,-0.0007807918984981834,0.0008065821975974457,-0.0022230455724342457,35784.0,0.29999999999998,0.6000000000000155,-0.3000000000000355,-16778.75807999992,0.0008999999999999564,1
2026-05-15 04:50:00,0.2692,0.2693,0.2685,0.2688,40279.6,0.2707252075307794,0.27249131582689795,30.44301604496006,-0.0009086976519722678,-0.0008063730491930004,0.0008061120406261973,-0.0018566654288897366,1851.9000000000015,0.33333333333330867,0.5555555555555761,-0.22222222222226745,-16794.86991999992,0.0007999999999999674,1
2026-05-15 04:55:00,0.2687,0.2687,0.2678,0.2679,40258.1,0.2704561401468956,0.2723112642258431,26.494906534025702,-0.0010241871301130412,-0.0008499358653770086,0.000819961180581469,-0.0033482142857140795,-21.5,0.1000000000000433,0.7999999999999579,-0.6999999999999146,-16827.076399999918,0.0009000000000000119,1
2026-05-15 05:00:00,0.2679,0.2685,0.2674,0.2685,56584.3,0.2702698410852865,0.2721618028836532,32.75597745596093,-0.0010551354434129578,-0.0008909757809841984,0.0008399639533970775,0.002239641657334701,16326.200000000004,0.916666666666666,0.0,0.916666666666666,-16793.125819999917,0.0010999999999999899,0
2026-05-15 05:05:00,0.2684,0.2685,0.2674,0.2679,25110.4,0.27004414193430687,0.27199467335880406,30.0037088578477,-0.00111522160974864,-0.0009358249467370868,0.000858537956725857,-0.0022346368715083775,-31473.9,0.4166666666666705,0.4999999999999954,-0.08333333333332488,-16805.681019999916,0.0010999999999999899,0
2026-05-15 05:10:00,0.268,0.2681,0.2674,0.2681,20778.3,0.26985898555961096,0.2718419410702235,32.053138811830905,-0.001133634171866349,-0.0009753867917629392,0.0008472138169597227,0.000746547219111493,-4332.100000000002,0.8749999999999966,0.0,0.8749999999999966,-16803.603189999918,0.0006999999999999784,0
2026-05-15 05:15:00,0.268,0.269,0.268,0.2682,58320.0,0.2697009869348861,0.2716991198517834,33.10774083940281,-0.0011271638524785743,-0.0010057422039060663,0.000858127115748314,0.000372995151062927,37541.7,0.18181818181816164,0.7272727272727475,-0.5454545454545858,-16791.93918999992,0.0010000000000000009,0
2026-05-15 05:20:00,0.2683,0.2684,0.2674,0.268,51116.6,0.26953898817918265,0.2715540563281841,32.03675816628133,-0.0011252037577733076,-0.0010296345146795147,0.0008682608931948631,-0.0007457121551079915,-7203.4000000000015,0.5454545454545354,0.36363636363637375,0.18181818181816167,-16807.27416999992,0.0010000000000000009,0
2026-05-15 05:25:00,0.2679,0.2679,0.2673,0.2673,18598.1,0.2693257512097367,0.27138723058982395,28.555077266043327,-0.0011666856920324875,-0.0010570447501501094,0.000856242257966661,-0.0026119402985076423,-32518.5,0.0,0.8571428571428663,-0.8571428571428663,-16818.43302999992,0.0006000000000000449,0
2026-05-15 05:30:00,0.2675,0.2675,0.2649,0.265,194470.3,0.26891377490404744,0.2711367509588505,20.624058026350625,-0.0013693660030100752,-0.0011195090007221026,0.000980796382397613,-0.008604564160119565,175872.19999999998,0.03703703703703308,0.9259259259259298,-0.8888888888888967,-17304.608779999922,0.002599999999999991,1
2026-05-15 05:35:00,0.265,0.2651,0.2631,0.264,222278.6,0.2684457963417572,0.2708568783722289,18.25060917867242,-0.001592327887644851,-0.0012140727781066523,0.0010535966407977837,-0.0037735849056603765,27808.300000000017,0.42857142857143393,0.5238095238095186,-0.09523809523808469,-17526.887379999924,0.0020000000000000018,1
2026-05-15 05:40:00,0.2639,0.264,0.2628,0.2632,213269.5,0.2679461966901613,0.2705566086321415,16.60433587886719,-0.0018126846019582143,-0.0013337951428769648,0.0010640540235979444,-0.003030303030303161,-9009.100000000006,0.3076923076923084,0.6153846153846168,-0.3076923076923084,-17676.17602999993,0.0012000000000000344,1
2026-05-15 05:45:00,0.263,0.2633,0.2617,0.2627,143138.0,0.2674465589101459,0.2702485063328418,15.653922689094472,-0.002004557416853736,-0.0014679475976723192,0.0011023358790552334,-0.0018996960486322712,-70131.5,0.588235294117651,0.35294117647058404,0.23529411764706692,-17719.117429999933,0.0015999999999999903,1
2026-05-15 05:50:00,0.2628,0.2633,0.2626,0.2631,38971.4,0.26703260091870346,0.26996817275116175,19.617846098982696,-0.0021001323297564767,-0.0015943845440891508,0.001073597601979858,0.0015226494099733756,-104166.6,0.6250000000000174,0.24999999999997918,0.37500000000003825,-17707.426009999934,0.0006999999999999784,1
2026-05-15 05:55:00,0.2632,0.2633,0.2614,0.2616,47008.8,0.2665152103550174,0.2696400091138613,16.488476582113847,-0.0022707379472186595,-0.0017296552247150526,0.0011326263446955792,-0.005701254275940704,8037.4000000000015,0.09999999999999114,0.8500000000000079,-0.7500000000000168,-17782.64008999993,0.0018999999999999573,2
2026-05-15 06:00:00,0.2618,0.2639,0.2613,0.2637,456706.7,0.266247095083111,0.2694070675799844,32.67923780574144,-0.0022110045939799927,-0.0018259250985680408,0.001237438748645898,0.008027522935779796,409697.9,0.8888888888888785,0.0740740740740852,0.8148148148147933,-16914.897359999926,0.0026000000000000467,1
2026-05-15 06:05:00,0.2638,0.2646,0.2634,0.264,130308.6,0.26603308602757664,0.26919502571410264,34.62904790475156,-0.002115076700770435,-0.00188375541900852,0.0012347645523140467,0.0011376564277589818,-326398.1,0.4615384615384609,0.4615384615384609,0.0,-16888.83563999992,0.0011999999999999789,1
2026-05-15 06:10:00,0.2641,0.2641,0.2634,0.2637,141797.3,0.2658108873582836,0.268979534509628,33.58160718861946,-0.0020397477052270796,-0.0019149538762522319,0.0011965670842916131,-0.001136363636363713,11488.699999999983,0.3749999999999688,0.5000000000000278,-0.12500000000005895,-16945.554559999924,0.0006999999999999784,1
2026-05-15 06:15:00,0.2637,0.2643,0.2635,0.2635,18480.3,0.2655908028479709,0.2687646508033681,32.86784497169535,-0.001973438689286011,-0.001926650838858988,0.001168240863985067,-0.0007584376185058028,-123316.99999999999,0.0,0.8888888888888848,-0.8888888888888848,-16949.250619999922,0.0007999999999999674,1
2026-05-15 06:20:00,0.2634,0.2645,0.263,0.264,86009.6,0.2654392978148308,0.2685778017522556,36.50147263295658,-0.001859111811391534,-0.0019131430333654972,0.001191937945128991,0.00189753320683117,67529.3,0.625,0.3125,0.3125,-16897.644859999924,0.0015000000000000013,1
2026-05-15 06:25:00,0.2641,0.2649,0.2641,0.2649,21954.0,0.26538793611818023,0.2684335742325593,42.53121853888752,-0.0016765581399769136,-0.0018658260546877805,0.0011710852347626352,0.003409090909090917,-64055.600000000006,0.8888888888888917,0.0,0.8888888888888917,-16880.081659999923,0.0008000000000000229,1
2026-05-15 06:30:00,0.2649,0.266,0.2649,0.2653,25781.0,0.2653795612497821,0.2683106889685374,45.02964221509726,-0.0014825168516608422,-0.0017891642140823929,0.0011660077179938748,0.0015100037750093165,3827.0,0.3333333333332994,0.5833333333333665,-0.25000000000006706,-16869.769259999925,0.0010999999999999899,1
2026-05-15 06:35:00,0.2653,0.2656,0.265,0.2653,13473.8,0.26537198398789813,0.2681926227344771,45.02964221509726,-0.0013135954223345014,-0.0016940504557328147,0.0011255785952800257,0.0,-12307.2,0.4285714285713878,0.42857142857146713,-7.932543510946743e-14,-16869.769259999925,0.0005999999999999894,1
2026-05-15 06:40:00,0.2654,0.266,0.2652,0.2658,44571.6,0.2654127474176221,0.26809879439194856,48.28874851900691,-0.0011263937848584593,-0.0015805191215579437,0.001102322981331454,0.0018846588767433836,31097.8,0.6666666666666379,0.22222222222225377,0.44444444444438413,-16851.940619999925,0.0008000000000000229,1
2026-05-15 06:45:00,0.2657,0.266,0.2655,0.2659,12153.9,0.26545915242546764,0.2680125671608918,48.94076555117557,-0.0009589122308831244,-0.0014561977434229799,0.0010592999112363501,0.0003762227238526261,-32417.699999999997,0.6666666666666852,0.16666666666664817,0.500000000000037,-16849.509839999926,0.0005000000000000004,1
2026-05-15 06:50:00,0.2658,0.2662,0.2655,0.2658,7890.6,0.2654916140992326,0.267925799821249,48.2851158712364,-0.0008247439224308706,-0.001329906979224558,0.0010336356318623237,-0.00037608123354659906,-4263.299999999999,0.3749999999999688,0.5000000000000278,-0.12500000000005895,-16849.509839999926,0.0006999999999999784,1
2026-05-15 06:55:00,0.266,0.2661,0.2657,0.2658,11509.8,0.26552098418501996,0.2678424351223765,48.2851158712364,-0.0007102275107098155,-0.0012059710855216097,0.0009883759438721585,0.0,3619.199999999999,0.19999999999997337,0.6000000000000312,-0.4000000000000578,-16851.811799999927,0.00040000000000001146,1
2026-05-15 07:00:00,0.2659,0.2659,0.2656,0.2656,6910.1,0.26552850950073237,0.26775449649012645,46.82991213728968,-0.0006283673304643966,-0.0010904503345101671,0.0009392062335955774,-0.0007524454477049192,-4599.699999999999,0.0,0.7500000000000141,-0.7500000000000141,-16853.884829999926,0.00030000000000002247,1
2026-05-15 07:05:00,0.2657,0.266,0.2655,0.2655,12064.0,0.2655257943101864,0.26766608486306265,46.082091591331206,-0.0005650481883294756,-0.000985369905274029,0.0009078343597673219,-0.0003765060240963347,5153.9,0.0,0.8333333333333334,-0.8333333333333334,-16856.297629999925,0.0005000000000000004,1
2026-05-15 07:10:00,0.2656,0.2662,0.2652,0.2653,84415.6,0.2655042900901687,0.2675732972213739,44.549823639491734,-0.000524954294197244,-0.000893286783058672,0.0009144176197839418,-0.0007532956685499803,72351.6,0.09090909090908082,0.8181818181818283,-0.7272727272727475,-16881.622309999926,0.0010000000000000009,1
2026-05-15 07:15:00,0.2652,0.2653,0.2643,0.2653,136145.6,0.265484833891105,0.2674841483107318,44.54982363949173,-0.000487559313960384,-0.0008121412892390144,0.0009205306469422317,0.0,51730.0,0.9090909090909092,0.0,0.9090909090909092,-16868.007749999928,0.0010000000000000009,1
2026-05-15 07:20:00,0.2653,0.2669,0.2653,0.2667,131388.2,0.26560056399671406,0.26745339739658547,56.33643863390026,-0.00034102410934216953,-0.0007179178532596454,0.000969064172160647,0.005277044854881341,-4757.399999999994,0.823529411764691,0.11764705882354594,0.705882352941145,-16684.064269999926,0.0016000000000000458,1
2026-05-15 07:25:00,0.2666,0.2678,0.2666,0.2673,82275.4,0.26576241504464604,0.2674473818124056,60.23737700755542,-0.00017446776259749663,-0.0006092278351272157,0.000985559588434885,0.0022497187851517886,-49112.80000000002,0.5384615384615306,0.3846153846153912,0.15384615384613937,-16626.471489999927,0.0011999999999999789,1
2026-05-15 07:30:00,0.2672,0.2673,0.2659,0.2659,39238.9,0.26577551837372737,0.26738670017270344,49.193550591274786,-0.00015366757340895543,-0.0005181157827835636,0.0010151624749752473,-0.005237560793116214,-43036.49999999999,0.0,0.9333333333333313,-0.9333333333333313,-16677.482059999926,0.0013999999999999568,1
2026-05-15 07:35:00,0.2658,0.2659,0.2653,0.2658,30908.8,0.2657778499571819,0.267324476636519,48.50942428960464,-0.0001435971394475044,-0.0004432120541163518,0.0009855080124770185,-0.00037608123354659906,-8330.100000000002,0.714285714285669,0.14285714285719725,0.5714285714284717,-16677.482059999926,0.0006000000000000449,1
2026-05-15 07:40:00,0.2658,0.2659,0.2653,0.2658,16866.8,0.26577995948506933,0.2672646932390084,48.509424289604645,-0.00013407076367200066,-0.0003813837960274816,0.0009579717258715204,0.0,-14042.0,0.714285714285669,0.14285714285719725,0.5714285714284717,-16677.482059999926,0.0006000000000000449,1
2026-05-15 07:45:00,0.2657,0.2659,0.2655,0.2658,18318.3,0.2657818681055389,0.2672072542884591,48.509424289604645,-0.00012507920699694752,-0.0003301228782213748,0.0009181166025949841,0.0,1451.5,0.5999999999999202,0.2000000000000844,0.39999999999983576,-16675.650229999927,0.00040000000000001146,0
2026-05-15 07:50:00,0.2657,0.2657,0.2654,0.2654,1429.1,0.2657454997145352,0.2671363815712646,45.35807342474997,-0.00014851796792675342,-0.00029380189616245056,0.0008811082738381964,-0.0015048908954099494,-16889.2,0.0,0.7499999999999793,-0.7499999999999793,-16676.078959999926,0.00029999999999996696,0
2026-05-15 07:55:00,0.2653,0.2654,0.2646,0.2647,101241.0,0.2656459283131509,0.2670408371959209,40.41054722740581,-0.00022102961289544032,-0.0002792474395090485,0.0008753148257068982,-0.0026375282592314697,99811.9,0.11111111111109603,0.7777777777777957,-0.6666666666666996,-16736.823559999924,0.0008000000000000229,0
2026-05-15 08:00:00,0.2648,0.2648,0.2632,0.2633,181160.2,0.2654225065690413,0.26689413769804166,32.72280652956826,-0.00038700278644188124,-0.00030079850889561506,0.000927078052442119,-0.005289006422364961,79919.20000000001,0.058823529411758564,0.8823529411764763,-0.8235294117647177,-17008.563859999926,0.0015999999999999903,1
2026-05-15 08:05:00,0.2633,0.2635,0.2631,0.2633,23215.7,0.2652203630862755,0.26675319112164786,32.72280652956826,-0.0005126284604575204,-0.00034316449920799614,0.0008894296201248256,0.0,-157944.5,0.39999999999994673,0.40000000000005775,-1.1102230246251565e-13,-17008.563859999926,0.00040000000000001146,1
2026-05-15 08:10:00,0.2631,0.2635,0.263,0.2633,14714.0,0.2650374713637731,0.2666177718619754,32.72280652956826,-0.0006052112140543242,-0.00039557384217726177,0.0008616132186873381,0.0,-8501.7,0.49999999999994454,0.3333333333333889,0.16666666666655566,-17005.621059999925,0.0005000000000000004,1
2026-05-15 08:15:00,0.2633,0.2633,0.2622,0.2625,54093.9,0.26479580742436615,0.26645629061248616,28.81099237485701,-0.0007346682293902784,-0.00046339271961986513,0.0008786408459239561,-0.0030383592859853925,39379.9,0.2500000000000208,0.6666666666666451,-0.4166666666666243,-17048.896179999923,0.0010999999999999899,1
2026-05-15 08:20:00,0.2624,0.2631,0.2622,0.2627,17440.1,0.2645962067172837,0.266308985098271,31.03076142899613,-0.000811767962438148,-0.0005330677681835217,0.0008801664997865315,0.0007619047619047414,-36653.8,0.49999999999999445,0.4000000000000067,0.09999999999998777,-17043.664149999924,0.0009000000000000119,1
2026-05-15 08:25:00,0.2627,0.2628,0.2614,0.2617,166121.8,0.2643203775061138,0.2661282405846133,26.569717690356853,-0.0009426948990148287,-0.0006149931943497831,0.0009172974640874905,-0.003806623524933439,148681.69999999998,0.19999999999998372,0.7333333333333477,-0.533333333333364,-17209.785949999925,0.0013999999999999568,1
2026-05-15 08:30:00,0.2617,0.2623,0.2607,0.2618,498973.9,0.2640803415531506,0.2659585056597265,27.689237222532228,-0.0010265528134379975,-0.000697305118167426,0.0009660619309383834,0.00038211692777978534,332852.10000000003,0.6470588235294095,0.2941176470588255,0.352941176470584,-17159.88855999993,0.0015999999999999903,1
2026-05-15 08:35:00,0.2618,0.2628,0.2617,0.2626,61587.5,0.26393935664332674,0.2658267995554235,36.0845520085732,-0.0010167371872631392,-0.0007611915319865687,0.0009756289358713553,0.0030557677616502854,-437386.4,0.7500000000000162,0.1666666666666497,0.5833333333333666,-17110.61855999993,0.0010999999999999899,1
2026-05-15 08:40:00,0.2626,0.2642,0.2626,0.2641,77201.7,0.26395465601062895,0.26575908192579906,48.22285779032513,-0.000877802013624529,-0.0007845136283141608,0.0010202268690234007,0.005712109672505683,15614.199999999997,0.8823529411764763,0.058823529411758564,0.8235294117647177,-16994.81600999993,0.0015999999999999903,1
2026-05-15 08:45:00,0.2641,0.2642,0.2637,0.2639,15701.1,0.26394945067628334,0.2656861767522383,46.94275676071947,-0.000774900643809362,-0.000782591031413201,0.0009830678069503006,-0.0007572889057174681,-61500.6,0.3333333333333889,0.49999999999994454,-0.16666666666655566,-16997.95622999993,0.0005000000000000004,1
2026-05-15 08:50:00,0.2638,0.2639,0.2631,0.2635,25981.1,0.26390664584997064,0.26560044433058194,44.403961387197356,-0.0007173579678139141,-0.0007695444186933437,0.0009699915350252808,-0.0015157256536567631,10279.999999999998,0.44444444444444586,0.44444444444444586,0.0,-17005.75055999993,0.0008000000000000229,1
2026-05-15 08:55:00,0.2634,0.2639,0.2631,0.2633,18705.8,0.26384887005473534,0.26551023082742187,43.14744296899567,-0.0006800540710333314,-0.0007516463491613412,0.0009578492825234767,-0.0007590132827325347,-7275.299999999999,0.22222222222219207,0.6666666666666996,-0.44444444444450754,-17007.621139999934,0.0008000000000000229,1
2026-05-15 09:00:00,0.2634,0.2635,0.2628,0.2632,28964.4,0.2637870729066653,0.265419633540072,42.499868942842106,-0.0006510546753102364,-0.0007315280143911203,0.0009394314766289451,-0.00037979491074813243,10258.600000000002,0.49999999999999306,0.37500000000001216,0.1249999999999809,-17013.414019999935,0.0007000000000000339,1
2026-05-15 09:05:00,0.2633,0.2636,0.2626,0.263,24598.0,0.263712113582221,0.26532474595026523,41.16904730381759,-0.0006368693404809056,-0.0007125962796090774,0.0009437577997268776,-0.0007598784194527974,-4366.4000000000015,0.36363636363637375,0.5454545454545354,-0.18181818181816167,-17020.793419999933,0.0010000000000000009,1
2026-05-15 09:10:00,0.2631,0.2631,0.2626,0.2627,27518.4,0.26361572181248566,0.26522181473652934,39.18684270621468,-0.0006424293278313731,-0.0006985628892535366,0.0009120608140321006,-0.0011406844106465197,2920.4000000000015,0.16666666666664817,0.6666666666666852,-0.500000000000037,-17031.800779999932,0.0005000000000000004,0
2026-05-15 09:15:00,0.2626,0.2627,0.2615,0.2617,45362.0,0.26343327211605844,0.2650837043547047,33.41196140787477,-0.0007192363911078803,-0.0007026975896244054,0.000932627898744092,-0.003806623524933439,17843.6,0.1538461538461394,0.7692307692307824,-0.615384615384643,-17072.626579999935,0.0011999999999999789,1
2026-05-15 09:20:00,0.2617,0.2619,0.2613,0.2617,110038.4,0.2632681985811957,0.2649510100662849,33.411961407874784,-0.0007712164390754062,-0.0007164013595146056,0.0009088687631195172,0.0,64676.399999999994,0.5714285714285511,0.2857142857143152,0.2857142857142359,-17072.626579999935,0.0006000000000000449,1
2026-05-15 09:25:00,0.2616,0.2622,0.2607,0.2622,35215.0,0.2631664653829866,0.26484312731858745,38.65431354425204,-0.0007632667166673213,-0.0007257744309451487,0.0009510924228966946,0.0019105846388995928,-74823.4,0.9375,0.0,0.9375,-17051.497579999934,0.0015000000000000013,1
2026-05-15 09:30:00,0.262,0.262,0.2616,0.2616,37939.4,0.26301727820365456,0.26471594585511343,35.08475622657103,-0.0007962033533371882,-0.0007398602154235567,0.0009260143926897871,-0.0022883295194507935,2724.4000000000015,0.0,0.8000000000000045,-0.8000000000000045,-17066.673339999936,0.00040000000000001146,1
2026-05-15 09:35:00,0.2616,0.2616,0.2608,0.2608,49777.8,0.26280610885092553,0.26456237935099136,30.977212880481403,-0.0008767525318866265,-0.0007672386787161707,0.0009170133646405181,-0.003058103975535298,11838.400000000001,0.0,0.8888888888888917,-0.8888888888888917,-17106.495579999937,0.0008000000000000229,1
2026-05-15 09:40:00,0.261,0.2612,0.2598,0.26,115675.3,0.26253886038893265,0.2643834625136976,27.508876376770928,-0.0009936870446318191,-0.0008125283518993005,0.0009515124100233391,-0.0030674846625765584,65897.5,0.13333333333335456,0.7999999999999793,-0.6666666666666248,-17222.170879999936,0.0014000000000000123,1
2026-05-15 09:45:00,0.2601,0.2605,0.2597,0.26,35100.4,0.26229706416141524,0.26421156202296436,27.508876376770928,-0.0010739783347354925,-0.0008648183484665389,0.0009406900950216737,0.0,-80574.9,0.3333333333333498,0.5555555555555419,-0.22222222222219212,-17225.680919999937,0.0008000000000000229,1
2026-05-15 09:50:00,0.2599,0.2601,0.2589,0.2597,157499.9,0.26204972471747096,0.2640346380220638,26.231545529561274,-0.0011485771707456793,-0.000921570112922367,0.0009592122310915526,-0.001153846153846283,122399.5,0.6153846153846003,0.3076923076923215,0.30769230769227884,-17257.18089999994,0.0011999999999999789,1
2026-05-15 09:55:00,0.2597,0.2604,0.2593,0.2602,43517.3,0.2618735604586642,0.2638842600604142,31.906587540909484,-0.001154048313822098,-0.0009680657531023133,0.000969268500299302,0.001925298421255217,-113982.59999999999,0.7499999999999816,0.16666666666668825,0.5833333333332933,-17235.42224999994,0.0011000000000000454,1
2026-05-15 10:00:00,0.2602,0.2607,0.2601,0.2603,31695.8,0.26172369755783903,0.26374370084235876,33.016480353714,-0.0011372060662173666,-0.001001893815725324,0.0009428921788493511,0.0003843197540354115,-11821.500000000004,0.28571428571425855,0.5714285714285964,-0.2857142857143378,-17232.252669999943,0.0005999999999999894,1
2026-05-15 10:05:00,0.2602,0.2609,0.2602,0.2608,11996.7,0.26163572636185434,0.26362826159363884,38.42107046989706,-0.0010711649199034445,-0.0010157480365609482,0.0009255427375029714,0.0019208605455243166,-19699.1,0.7499999999999549,0.12500000000005032,0.6249999999999046,-17225.054649999944,0.0007000000000000339,1
2026-05-15 10:10:00,0.2607,0.2607,0.2603,0.2604,35581.3,0.2615180381369158,0.26350166309977063,35.92387442267611,-0.0010391251053281092,-0.0010204234503143805,0.0008951468276813306,-0.0015337423312882237,23584.600000000002,0.2000000000000844,0.5999999999999202,-0.39999999999983576,-17235.729039999944,0.00040000000000001146,1
2026-05-15 10:15:00,0.2603,0.2605,0.2597,0.2598,40001.5,0.26135441545720955,0.2633564998409561,32.510508255042666,-0.0010500440528223298,-0.0010263475708159704,0.0008883506257040943,-0.0023041474654379446,4420.199999999997,0.11111111111109603,0.7777777777777957,-0.6666666666666996,-17255.729789999943,0.0008000000000000229,2
2026-05-15 10:20:00,0.2598,0.2607,0.2598,0.2607,44852.6,0.26129209017557053,0.26325232337660487,41.490967909336675,-0.0009748375979779511,-0.0010160455762483667,0.0008891827238680884,0.0034642032332563577,4851.0999999999985,0.9000000000000011,0.0,0.9000000000000011,-17215.362449999942,0.0009000000000000119,1
2026-05-15 10:25:00,0.2607,0.2615,0.2607,0.2612,49386.4,0.26128331968265905,0.2631718401069341,45.8054640858343,-0.0008649198615844345,-0.0009858204333155803,0.0008828125293060837,0.001917913310318431,4533.800000000003,0.5555555555555419,0.3333333333333498,0.22222222222219212,-17190.66924999994,0.0008000000000000229,1
2026-05-15 10:30:00,0.2611,0.2631,0.2611,0.2622,111117.6,0.26137062257002486,0.2631337287301916,53.23324507200882,-0.0006891732605743273,-0.0009264909987673298,0.0009626116343556493,0.003828483920367498,61731.200000000004,0.5238095238095186,0.42857142857143393,0.09523809523808469,-17068.439889999943,0.0020000000000000018,1
2026-05-15 10:35:00,0.2623,0.2629,0.2621,0.2623,164788.9,0.26145913470621296,0.26310103348587033,53.91348503086947,-0.0005356490203461961,-0.0008483226030831031,0.0009509965176159617,0.0003813882532417434,53671.29999999999,0.22222222222219207,0.6666666666666996,-0.44444444444450754,-17068.439889999943,0.0008000000000000229,1
2026-05-15 10:40:00,0.2624,0.2629,0.2619,0.2629,29690.3,0.2615963599722879,0.2630931498197578,57.87282816956242,-0.0003613989857474964,-0.0007509378796159817,0.0009544967663576787,0.002287457110179414,-135098.6,0.9090909090909092,0.0,0.9090909090909092,-17053.594739999942,0.0010000000000000009,1
2026-05-15 10:45:00,0.2629,0.2637,0.2626,0.2627,45093.3,0.26170146854635573,0.2630777321797673,56.14143302210259,-0.0002367142123639865,-0.0006480931461655828,0.0009648898544749866,-0.0007607455306201105,15403.000000000004,0.08333333333332485,0.833333333333341,-0.7500000000000162,-17062.613399999944,0.0010999999999999899,1
2026-05-15 10:50:00,0.2628,0.2642,0.2627,0.2631,94288.1,0.2618346620181314,0.26307860542761957,58.796470110800335,-0.00010442028207929832,-0.0005393585733483259,0.0010031120077267732,0.0015226494099733756,49194.8,0.25000000000000694,0.6874999999999931,-0.4374999999999862,-17034.32696999994,0.0015000000000000013,1
2026-05-15 10:55:00,0.2632,0.2634,0.2627,0.2628,24322.7,0.2619265989687855,0.2630676797245757,56.05564421200133,-2.3512840607475827e-05,-0.00043618942680015595,0.000981461150032006,-0.0011402508551882073,-69965.40000000001,0.12499999999998092,0.7500000000000243,-0.6250000000000434,-17044.05604999994,0.0007000000000000339,1
2026-05-15 11:00:00,0.2629,0.2634,0.2623,0.2623,44470.1,0.26196216097175834,0.2630375746373374,51.7276527020669,2.580932021434279e-07,-0.0003488999227996961,0.0009899282107440088,-0.0019025875190258335,20147.399999999998,0.0,0.9166666666666697,-0.9166666666666697,-17070.738109999944,0.0011000000000000454,1
2026-05-15 11:05:00,0.2624,0.2628,0.2624,0.2624,9421.8,0.26200385992682895,0.263012571710383,52.517271355685665,2.6856310936684835e-05,-0.0002737486760524199,0.0009549333385480081,0.000381242851696717,-35048.3,0.0,0.7999999999999823,-0.7999999999999823,-17070.738109999944,0.00039999999999995595,1
2026-05-15 11:10:00,0.2623,0.2629,0.2622,0.2629,5262.6,0.2620892066004643,0.2630081571335052,56.36096534528576,8.727535547592424e-05,-0.0002015438697467511,0.0009367238143660099,0.001905487804878092,-4159.199999999999,0.8750000000000052,0.0,0.8750000000000052,-17067.580549999944,0.0007000000000000339,1
2026-05-15 11:15:00,0.263,0.2632,0.2625,0.2627,12460.8,0.2621473774004201,0.26299607254003443,54.46185482626013,0.00011766320683315179,-0.00013770245443077054,0.0009198149704827219,-0.0007607455306201105,7198.199999999999,0.24999999999997918,0.6250000000000174,-0.37500000000003825,-17071.318789999943,0.0006999999999999784,1
2026-05-15 11:20:00,0.2628,0.2629,0.2619,0.2621,13868.5,0.2621428652670468,0.26296093244042523,49.11507205620479,9.226721337418642e-05,-9.170852086977915e-05,0.000925542472591099,-0.0022839741149599524,1407.7000000000007,0.18181818181816164,0.7272727272727475,-0.5454545454545858,-17081.026739999943,0.0010000000000000009,1
2026-05-15 11:25:00,0.2621,0.2625,0.2621,0.2625,7606.4,0.2621768780987566,0.2629428566584478,52.46551573867596,0.00010322742119550643,-5.2721332456722036e-05,0.0008880037245488784,0.0015261350629531822,-6262.1,0.8000000000000045,0.0,0.8000000000000045,-17077.98417999994,0.00040000000000001146,1
2026-05-15 11:30:00,0.2625,0.2628,0.2624,0.2625,8113.7,0.26220765161316073,0.26292548973066554,52.46551573867596,0.00011063809773703692,-2.0049446417970245e-05,0.0008531463156525267,0.0,507.3000000000002,0.19999999999999557,0.5999999999999868,-0.3999999999999912,-17077.98417999994,0.00039999999999995595,1
2026-05-15 11:35:00,0.2626,0.2627,0.2614,0.2616,25582.9,0.26214978003095496,0.2628735097412277,44.772805838927376,4.338847852897176e-05,-7.361861428581843e-06,0.0008850644359630582,-0.0034285714285714475,17469.2,0.1428571428571304,0.7857142857142965,-0.6428571428571661,-17103.567079999943,0.0012999999999999678,1
2026-05-15 11:40:00,0.2617,0.2619,0.2616,0.2616,21459.8,0.26209742002800684,0.2628235681827482,44.772805838927376,-9.794425164300069e-06,-7.848374175725489e-06,0.0008432741191085556,0.0,-4123.100000000002,0.0,0.7500000000000141,-0.7500000000000141,-17105.713059999944,0.00030000000000002247,1
2026-05-15 11:45:00,0.2617,0.2624,0.2617,0.2618,114151.4,0.2620690943110538,0.262783428254013,46.78377908176585,-3.539590896767253e-05,-1.3357881134114898e-05,0.0008401831106008032,0.000764525993883769,92691.59999999999,0.12499999999998092,0.7500000000000243,-0.6250000000000434,-17094.297919999946,0.0007000000000000339,1
2026-05-15 11:50:00,0.2618,0.2619,0.2615,0.2617,11030.2,0.2620339424719058,0.26274094087150274,45.8841353615199,-6.302788734391385e-05,-2.329188237607469e-05,0.0008087414598436039,-0.0003819709702062024,-103121.2,0.39999999999994673,0.40000000000005775,-1.1102230246251565e-13,-17095.400939999945,0.00040000000000001146,1
2026-05-15 11:55:00,0.2615,0.2615,0.2607,0.261,12871.6,0.26193547176029575,0.2626726686804634,40.07476621899775,-0.0001397990625692791,-4.6593318414715573e-05,0.0008224027841404894,-0.0026748184944592746,1841.3999999999996,0.3333333333333498,0.5555555555555419,-0.22222222222219212,-17101.836739999944,0.0008000000000000229,1
2026-05-15 12:00:00,0.261,0.2611,0.2603,0.2607,53975.6,0.26181780778312475,0.2625953091243668,37.862277555188825,-0.00022228589144868138,-8.173183302150874e-05,0.0008208025852733131,-0.0011494252873563982,41104.0,0.44444444444444586,0.44444444444444586,0.0,-17118.029419999944,0.0008000000000000229,1
2026-05-15 12:05:00,0.2607,0.2614,0.2606,0.2614,21964.3,0.2617780165656843,0.26254843425674457,45.4324531799816,-0.00022853869593886245,-0.00011109320560497948,0.000819316686325221,0.002685078634445892,-32011.3,0.8888888888888917,0.0,0.8888888888888917,-17102.654409999945,0.0008000000000000229,1
2026-05-15 12:10:00,0.2614,0.2618,0.261,0.261,54637.9,0.2617039197499048,0.2624877113447154,42.2638604422213,-0.00026274201916121065,-0.00014142296831622572,0.0008179369230162743,-0.0015302218821729996,32673.600000000002,0.0,0.8888888888888848,-0.8888888888888848,-17124.509569999944,0.0007999999999999674,1
2026-05-15 12:15:00,0.2609,0.2616,0.2608,0.2615,42101.9,0.2616844988213424,0.26244897756649127,47.21917371916986,-0.0002466592436897175,-0.0001624702233909241,0.0008166557142293992,0.0019157088122605526,-12536.0,0.7777777777777957,0.11111111111109603,0.6666666666666996,-17099.248429999945,0.0008000000000000229,1
2026-05-15 12:20:00,0.2615,0.2621,0.2614,0.2614,64292.1,0.2616574036955003,0.26240784119133476,46.36213299009201,-0.0002392250550019015,-0.00017782118971311958,0.000808323163213012,-0.00038240917782017547,22190.199999999997,0.0,0.8749999999999966,-0.8749999999999966,-17105.677639999943,0.0006999999999999784,1
2026-05-15 12:25:00,0.2613,0.2613,0.2611,0.2611,12072.3,0.2616043176292622,0.2623565533014785,43.79407752673997,-0.0002546059606737816,-0.00019317814390525199,0.0007720143658406555,-0.0011476664116297774,-52219.8,0.0,0.6666666666666422,-0.6666666666666422,-17108.092099999943,0.00019999999999997797,1
2026-05-15 12:30:00,0.2611,0.2613,0.2606,0.2612,53272.0,0.26156581118838007,0.26231119827004795,44.889888658362125,-0.00025577782738911425,-0.00020569808060202444,0.0007668704825663214,0.00038299502106475813,41199.7,0.750000000000007,0.12499999999998959,0.6250000000000174,-17102.764899999944,0.0006999999999999784,1
2026-05-15 12:35:00,0.2611,0.2611,0.2607,0.2608,14662.5,0.26149287678948674,0.2622519355927912,41.41193473998405,-0.00028568994145505844,-0.00022169645277263125,0.0007478083052401557,-0.0015313935681470214,-38609.5,0.19999999999997337,0.6000000000000312,-0.4000000000000578,-17107.163649999944,0.00040000000000001146,1
2026-05-15 12:40:00,0.2607,0.2607,0.2597,0.2598,99853.9,0.26133165042858325,0.262155781255819,34.26457915028122,-0.00038564171240185185,-0.0002544855046984754,0.0007729648548658581,-0.0038343558282208923,85191.4,0.09090909090908082,0.8181818181818283,-0.7272727272727475,-17197.032159999944,0.0010000000000000009,1
2026-05-15 12:45:00,0.2597,0.2602,0.2593,0.2602,48036.7,0.2612238741972896,0.26207908395166923,38.813614792738825,-0.0004276478951960594,-0.0002891179827979922,0.000782038793804012,0.0015396458814473934,-51817.2,0.9000000000000011,0.0,0.9000000000000011,-17173.013809999946,0.0009000000000000119,1
2026-05-15 12:50:00,0.2601,0.2605,0.2601,0.2603,25914.7,0.2611358861785001,0.2620093159535646,39.932749430543886,-0.000447708033907257,-0.00032083599301984517,0.0007547503085322977,0.0003843197540354115,-22121.999999999996,0.39999999999994673,0.40000000000005775,-1.1102230246251565e-13,-17167.830869999947,0.00040000000000001146,1
2026-05-15 12:55:00,0.2602,0.2604,0.2601,0.2604,5128.4,0.2610658017805477,0.26194620552401304,41.09307163179082,-0.00045034537296695376,-0.0003467378690092669,0.0007222681436371351,0.0003841721091051298,-20786.300000000003,0.7500000000000141,0.0,0.7500000000000141,-17166.80518999995,0.00030000000000002247,1
2026-05-15 13:00:00,0.2603,0.2603,0.259,0.2595,29909.4,0.26091667780144795,0.2618502758956204,34.612654663347314,-0.0005190743950453935,-0.00038120517421649227,0.0007706775619487693,-0.003456221198156695,24781.0,0.35714285714286564,0.5714285714285613,-0.21428571428569565,-17190.732709999946,0.0012999999999999678,0
2026-05-15 13:05:00,0.2596,0.2599,0.2586,0.2592,27630.0,0.2607531846775005,0.2617463435075568,32.75819360000666,-0.0005909381656761248,-0.0004231517725084188,0.0008084863075238589,-0.0011560693641619046,-2279.4000000000015,0.42857142857141384,0.5000000000000159,-0.07142857142860204,-17201.784709999945,0.0013000000000000234,0
2026-05-15 13:10:00,0.2592,0.2594,0.2586,0.2593,102656.5,0.2606147861367862,0.26165040846804477,34.02704904851829,-0.0006325301436270192,-0.0004650274467321389,0.0008078801427007277,0.0003858024691356654,75026.5,0.7777777777777339,0.11111111111115772,0.6666666666665763,-17191.519059999948,0.0008000000000000229,0
2026-05-15 13:15:00,0.2593,0.26,0.2589,0.2598,31744.5,0.26053718745709226,0.2615778434300822,40.11212963858116,-0.0006180220905272482,-0.0004956263754911607,0.0008287458467935322,0.0019282684149632967,-70912.0,0.7499999999999699,0.16666666666669597,0.583333333333274,-17175.646809999947,0.0010999999999999899,0
2026-05-15 13:20:00,0.2598,0.2601,0.2597,0.2598,16616.8,0.2604669791278454,0.26150812407988294,40.11212963858116,-0.000599612395471516,-0.0005164235794872318,0.0007981211434511378,0.0,-15127.7,0.19999999999997337,0.6000000000000312,-0.4000000000000578,-17175.646809999947,0.00040000000000001146,0
2026-05-15 13:25:00,0.2597,0.2599,0.2587,0.259,31020.7,0.26032726682995533,0.2614097662728287,34.25005842502914,-0.0006421733193399115,-0.0005415735274577677,0.0008268267760617733,-0.003079291762894454,14403.900000000001,0.23076923076924194,0.6923076923076832,-0.46153846153844125,-17197.361299999946,0.0012000000000000344,0
2026-05-15 13:30:00,0.2591,0.2591,0.2541,0.2558,718977.4,0.2598960985604358,0.2611897754386001,21.018298732624046,-0.000923471213318372,-0.0006179530646298887,0.001124910577771647,-0.012355212355212308,687956.7000000001,0.33333333333333987,0.6470588235294052,-0.3137254901960654,-19569.986719999924,0.0050000000000000044,0
2026-05-15 13:35:00,0.2557,0.2557,0.2526,0.2531,270392.1,0.2592488510784895,0.26087252934296873,15.557142628518449,-0.0013487220281070411,-0.0007641068573253192,0.0012731312507879605,-0.010555121188428607,-448585.30000000005,0.15625000000000056,0.8124999999999994,-0.6562499999999989,-20273.00617999992,0.0030999999999999917,1
2026-05-15 13:40:00,0.2531,0.2542,0.2516,0.2518,251278.6,0.2585394366900619,0.26051674387853857,13.710043757593084,-0.0017702293954986459,-0.0009653313649599846,0.0013679075900173913,-0.005136309758988378,-19113.49999999997,0.07407407407408673,0.8888888888888762,-0.8148148148147895,-20599.668359999912,0.002599999999999991,1
2026-05-15 13:45:00,0.2519,0.2538,0.2513,0.2531,164319.6,0.2580213951005322,0.2602258911774194,23.492521766019436,-0.0019765929523382075,-0.0011675836824356293,0.0014487713335875777,0.005162827640984746,-86959.0,0.6923076923076795,0.26923076923078204,0.4230769230768975,-20402.484839999917,0.0025000000000000022,1
2026-05-15 13:50:00,0.2532,0.2534,0.2496,0.2523,509720.2,0.25747650032905295,0.25991507191555985,21.85084312225014,-0.0021795661897214824,-0.0013699801838927999,0.0016167162383313239,-0.003160806005531258,345400.6,0.692307692307697,0.2820512820512776,0.41025641025641935,-20861.233019999894,0.0038000000000000256,1
2026-05-15 13:55:00,0.2522,0.2523,0.2497,0.2504,146121.7,0.2568025479167622,0.2595419318404399,18.53755463123916,-0.002465319396335486,-0.001589048026381337,0.0016869507927362306,-0.007530717399920728,-363598.5,0.25925925925925974,0.7037037037037035,-0.44444444444444375,-21124.25207999989,0.002600000000000019,1
2026-05-15 14:00:00,0.2505,0.2516,0.2494,0.2515,138133.5,0.25629754335326105,0.25922656196434424,25.573795416187494,-0.0025733560180833948,-0.0017859096247217485,0.0017235971646836414,0.004392971246006239,-7988.200000000012,0.9130434782608736,0.04347826086956082,0.8695652173913128,-20986.11857999989,0.0021999999999999797,1
2026-05-15 14:05:00,0.2514,0.2529,0.2511,0.2525,235902.8,0.2559358725577124,0.2589627752206445,31.37671746479039,-0.002548902020671262,-0.0019385081039116514,0.001729054510063383,0.003976143141153132,97769.29999999999,0.7368421052631552,0.21052631578947706,0.5263157894736781,-20726.625499999893,0.0018000000000000238,1
2026-05-15 14:10:00,0.2528,0.2537,0.252,0.2529,388536.4,0.25564674183793024,0.2587250193296388,33.6066420380733,-0.0024687867575059474,-0.0020445638346305106,0.001726979187915997,0.0015841584158415856,152633.60000000003,0.5000000000000123,0.44444444444443143,0.05555555555558089,-20687.7718599999,0.0016999999999999793,0
2026-05-15 14:15:00,0.253,0.2543,0.2521,0.2536,260555.8,0.25545181404384165,0.2585240381794569,37.437994274404275,-0.002322043611065805,-0.0021000597899175698,0.0017607663887791428,0.002767892447607556,-127980.60000000003,0.652173913043469,0.30434782608696664,0.3478260869565023,-20531.4383799999,0.0022000000000000353,0
2026-05-15 14:20:00,0.2536,0.2538,0.252,0.252,194163.4,0.2551230698491901,0.2582681935449684,32.78146412659467,-0.002308247201620539,-0.0021416972722581636,0.0017635687895806342,-0.006309148264984188,-66392.4,0.0,0.9473684210526322,-0.9473684210526322,-20842.0998199999,0.0018000000000000238,1
2026-05-15 14:25:00,0.252,0.252,0.2504,0.2509,67315.5,0.25472087272069577,0.25797924477849904,30.01721239919017,-0.002358882525256012,-0.002185134322857733,0.0017518853046105882,-0.00436507936507935,-126847.9,0.2941176470588255,0.6470588235294095,-0.352941176470584,-20916.146869999902,0.0015999999999999903,1
2026-05-15 14:30:00,0.251,0.2514,0.25,0.2509,88937.0,0.2543569800806295,0.25770162733620494,30.017212399190186,-0.002371672222973187,-0.002222441902880824,0.001726750639995547,0.0,21621.5,0.600000000000003,0.3333333333333309,0.2666666666666721,-20925.040569999903,0.0014000000000000123,1
2026-05-15 14:35:00,0.2508,0.251,0.2497,0.25,140968.4,0.25394202959676004,0.2573996027347851,27.793343273971402,-0.0024264599095268347,-0.0022632455042100263,0.0016962684514244364,-0.0035870864886409226,52031.399999999994,0.21428571428571117,0.7142857142857172,-0.500000000000006,-21037.815289999908,0.0012999999999999956,1
2026-05-15 14:40:00,0.25,0.2503,0.2499,0.2499,81786.9,0.2535570743970686,0.25710550066675436,27.54911903964583,-0.0024497099783705734,-0.0023005383990421357,0.001603677847751263,-0.00039999999999995595,-59181.5,0.0,0.8000000000000045,-0.8000000000000045,-21045.99397999991,0.00040000000000001146,1
2026-05-15 14:45:00,0.25,0.2505,0.2495,0.2502,48312.8,0.2532373530259192,0.2568346967190385,29.549165324761447,-0.002416077297511754,-0.0023236461787360593,0.0015605580014833157,0.0012004801920766361,-33474.09999999999,0.6363636363636161,0.2727272727272929,0.36363636363632323,-21036.331419999908,0.0010000000000000009,1
2026-05-15 14:50:00,0.2501,0.2505,0.2496,0.2504,121386.1,0.2529671289282126,0.2565823556712331,30.918320546716885,-0.00234623884615498,-0.0023281647122198436,0.0015133752870916512,0.0007993605115907965,73073.3,0.8000000000000134,0.0999999999999878,0.7000000000000256,-20999.915589999906,0.0009000000000000119,1
2026-05-15 14:55:00,0.2506,0.2515,0.2505,0.2508,29764.9,0.2527607356969543,0.2563555966253024,33.69378372032867,-0.0022328755142241308,-0.0023091068726207014,0.0014838484808708183,0.0015974440894568342,-91621.20000000001,0.2727272727272929,0.6363636363636161,-0.36363636363632323,-20993.962609999904,0.0010000000000000009,1
2026-05-15 15:00:00,0.2509,0.2514,0.2502,0.2503,38309.8,0.25252637991629195,0.25611812224783953,31.964995003894714,-0.0021584982540022724,-0.0022789851488970157,0.001463573589380048,-0.001993620414673103,8544.900000000001,0.07692307692310911,0.846153846153816,-0.7692307692307069,-21016.948489999904,0.0012000000000000344,1
2026-05-15 15:05:00,0.2502,0.251,0.25,0.2509,24585.2,0.25237148659093084,0.2559134900028262,36.195656787220855,-0.0020277639532130243,-0.0022287409097602176,0.001430461190138616,0.00239712345185783,-13724.600000000002,0.8181818181818283,0.09090909090908082,0.7272727272727475,-20999.738849999903,0.0010000000000000009,1
2026-05-15 15:10:00,0.2509,0.2513,0.2506,0.2506,124755.6,0.2522027735822708,0.25570511784585265,35.022966043555016,-0.0019261599972874022,-0.0021682247272656547,0.001378285390843003,-0.0011956954962136779,100170.40000000001,0.0,0.8750000000000052,-0.8750000000000052,-21037.165529999907,0.0007000000000000339,1
2026-05-15 15:15:00,0.2506,0.2517,0.2503,0.2514,418614.6,0.25212631895538784,0.2555362896950349,40.553962292444865,-0.0017607875532170136,-0.0020867372924559266,0.0013798364343542142,0.0031923383878691425,293859.0,0.7333333333333477,0.19999999999998372,0.533333333333364,-20702.2738499999,0.0013999999999999568,1
2026-05-15 15:20:00,0.2514,0.252,0.2512,0.2512,234524.6,0.2520380981024938,0.255366239118759,39.64538717989428,-0.0016271107089656511,-0.0019948119757578716,0.0013384195461860575,-0.0007955449482897059,-184089.99999999997,0.0,0.8888888888888917,-0.8888888888888917,-20749.178769999908,0.0008000000000000229,1
2026-05-15 15:25:00,0.2512,0.2512,0.2505,0.2509,156429.9,0.2519297078070182,0.2551910924866508,38.26068545779212,-0.0015277671904329604,-0.0019014030186928895,0.0012928181500299091,-0.0011942675159234417,-78094.70000000001,0.5000000000000278,0.3749999999999688,0.12500000000005895,-20796.1077399999,0.0006999999999999784,1
2026-05-15 15:30:00,0.251,0.2518,0.251,0.2516,78484.0,0.25189830706349264,0.25505026533031155,43.24208599333546,-0.001376683041264204,-0.0017964590232071526,0.0012647597107420595,0.00278995615783173,-77945.9,0.6666666666666379,0.22222222222225377,0.44444444444438413,-20749.0173399999,0.0008000000000000229,1
2026-05-15 15:35:00,0.2515,0.2517,0.2511,0.2511,38421.9,0.25182227781935046,0.254895352964417,40.71510559659113,-0.0012825096133825542,-0.001693669141242233,0.001217276874260483,-0.001987281399046137,-40062.1,0.0,0.8571428571428549,-0.8571428571428549,-20764.3860999999,0.0005999999999999894,1
2026-05-15 15:40:00,0.2511,0.2517,0.2509,0.2515,71364.6,0.25179158469369806,0.2547622018677732,43.5568259333763,-0.0011622026871119795,-0.0015873758504161824,0.0011874713832418747,0.0015929908403027326,32942.700000000004,0.6666666666666791,0.22222222222220578,0.4444444444444733,-20735.8402599999,0.0007999999999999674,1
2026-05-15 15:45:00,0.2516,0.2522,0.2512,0.2518,23282.8,0.2517923861514411,0.25464603708864486,45.66059521033323,-0.001030769024796152,-0.0014760544852921763,0.0011740805701531693,0.0011928429423460063,-48081.8,0.5454545454545858,0.3636363636363233,0.18181818181826254,-20731.1836999999,0.0010000000000000009,1
2026-05-15 15:50:00,0.2517,0.2523,0.2516,0.252,22110.1,0.25181215889892294,0.25454227092830584,47.076800449839105,-0.0009000928617304838,-0.0013608621605798378,0.001140217672285088,0.000794281175536149,-1172.7000000000007,0.49999999999999306,0.37500000000001216,0.1249999999999809,-20724.5506699999,0.0007000000000000339,1
2026-05-15 15:55:00,0.2519,0.2526,0.2517,0.2524,52748.5,0.25186814376569217,0.2544582603036664,49.88969250577701,-0.0007555449520724178,-0.0012397987188783538,0.0011230592671218685,0.0015873015873015817,30638.4,0.7000000000000256,0.1999999999999756,0.50000000000005,-20698.176419999898,0.0009000000000000119,1
2026-05-15 16:00:00,0.2524,0.2524,0.2514,0.2523,37985.5,0.25190927293086435,0.2543736226446991,49.185855821411955,-0.0006416621743964845,-0.00112017140998198,0.0011142693194703065,-0.0003961965134706702,-14763.0,0.8181818181818283,0.09090909090908082,0.7272727272727475,-20701.974969999897,0.0010000000000000009,1
2026-05-15 16:05:00,0.2523,0.2524,0.2518,0.252,31146.6,0.25191791360411536,0.2542805394037305,47.04172986974583,-0.0005690570104122661,-0.0010099485300680373,0.0010775357966509981,-0.0011890606420927874,-6838.9000000000015,0.28571428571425855,0.5714285714285964,-0.2857142857143378,-20711.3189499999,0.0005999999999999894,2
2026-05-15 16:10:00,0.2521,0.2526,0.2518,0.2526,13804.7,0.2519828742132472,0.2542146358977019,51.58725868077486,-0.0004578243946364302,-0.000899523702981716,0.0010577118111759246,0.0023809523809523725,-17341.899999999998,0.8888888888888848,0.0,0.8888888888888848,-20704.4165999999,0.0007999999999999674,1
2026-05-15 16:15:00,0.2525,0.2526,0.2521,0.2521,12426.2,0.25199402905008084,0.2541317089997528,47.89774496774287,-0.00040534500171079957,-0.0008006879627275327,0.0010178752532347872,-0.001979414093428389,-1378.5,0.0,0.8333333333333334,-0.8333333333333334,-20709.3870799999,0.0005000000000000004,1
2026-05-15 16:20:00,0.2523,0.254,0.2523,0.2537,105623.4,0.25215650247388266,0.2541147792350566,58.2001013489707,-0.0002319740243278967,-0.0006869451750476055,0.0010808841637180177,0.00634668782229264,93197.2,0.7777777777777627,0.16666666666668106,0.6111111111110816,-20561.514319999904,0.0016999999999999793,1
2026-05-15 16:25:00,0.2538,0.254,0.2527,0.254,72010.2,0.25233207366684623,0.2541102780885838,59.804965975530834,-6.956685943443341e-05,-0.0005634695119249711,0.001096535294881018,0.0011824990145843373,-33613.2,0.9285714285714297,0.0,0.9285714285714297,-20547.112279999907,0.0013000000000000234,1
2026-05-15 16:30:00,0.254,0.2554,0.254,0.2548,130722.9,0.2525671142700037,0.25413732600667854,63.79672611741028,0.00012228566986310918,-0.00042631847556735505,0.0011182113452466605,0.0031496062992126816,58712.7,0.5333333333333442,0.39999999999998964,0.13333333333335456,-20442.533959999902,0.0014000000000000123,1
2026-05-15 16:35:00,0.2548,0.2548,0.254,0.2547,8061.6,0.25277024624428907,0.25415939165347545,62.95510296954821,0.00026322670370182433,-0.00028840943971351917,0.0010954819634433294,-0.00039246467817910524,-122661.29999999999,0.7777777777777339,0.11111111111115772,0.6666666666665763,-20443.340119999903,0.0008000000000000229,1
2026-05-15 16:40:00,0.2548,0.2551,0.2545,0.2549,27495.0,0.25297307993530915,0.25418843511804506,63.97861823974577,0.0003866052720517543,-0.00015340649736046447,0.001060090394625948,0.0007852375343542217,19433.4,0.5714285714285964,0.28571428571425855,0.2857142857143378,-20440.590619999904,0.0005999999999999894,1
2026-05-15 16:45:00,0.255,0.2552,0.2537,0.2545,35499.8,0.25311850089385113,0.25420065334870995,60.38517380183502,0.00044695480255896314,-3.3334237376578954e-05,0.0010915125092955233,-0.0015692428403295544,8004.800000000003,0.5000000000000139,0.4374999999999861,0.06250000000002776,-20458.340519999903,0.0015000000000000013,1
2026-05-15 16:50:00,0.2546,0.2546,0.2537,0.2542,18561.4,0.25322150080872247,0.25420062772719193,57.76467272939593,0.00046521207230038053,6.637502455881295e-05,0.0010778330443458439,-0.0011787819253439302,-16938.4,0.49999999999999445,0.4000000000000067,0.09999999999998777,-20465.765079999903,0.0009000000000000119,1
2026-05-15 16:55:00,0.2543,0.2546,0.2543,0.2546,17444.4,0.25335278644598697,0.2542162893849491,60.24209980836251,0.0005061234708464979,0.00015432471381634995,0.0010294163983211415,0.0015735641227381247,-1117.0,0.7499999999999793,0.0,0.7499999999999793,-20460.531759999903,0.00029999999999996696,1
2026-05-15 17:00:00,0.2547,0.2552,0.2542,0.2544,48018.1,0.2534525210701787,0.25422349372279424,58.39761610277426,0.0005164543560795543,0.00022675064226899082,0.0010273152270124885,-0.0007855459544382493,30573.699999999997,0.1818181818182121,0.727272727272697,-0.5454545454544849,-20474.937189999902,0.0010000000000000009,1
2026-05-15 17:05:00,0.2545,0.2558,0.2544,0.255,27842.0,0.25359990001587596,0.25425394494935133,62.142454748142534,0.0005665260826173135,0.00029470573033865536,0.0010539355679401688,0.002358490566037652,-20176.1,0.39999999999998964,0.5333333333333442,-0.13333333333335456,-20461.016189999904,0.0014000000000000123,1
2026-05-15 17:10:00,0.2551,0.2553,0.2541,0.2544,64619.6,0.25367610001436397,0.2542596725983964,56.65077236616791,0.0005514366822396144,0.0003460519207188472,0.0010643687416587307,-0.0023529411764705577,36777.6,0.23076923076924194,0.6923076923076832,-0.46153846153844125,-20506.249909999904,0.0012000000000000344,1
2026-05-15 17:15:00,0.2543,0.2543,0.2539,0.2543,37815.4,0.25373551906061503,0.25426125406512595,55.76622381190802,0.0005253531157643487,0.00038191215972794754,0.0010240566886831073,-0.00039308176100627534,-26804.199999999997,0.8000000000000045,0.0,0.8000000000000045,-20506.249909999904,0.00040000000000001146,1
2026-05-15 17:20:00,0.2543,0.255,0.2542,0.255,8180.5,0.2538559458167469,0.25429022449394456,60.424497517983866,0.0005547707988305395,0.00041648388754846597,0.0010080526394914584,0.002752654345261396,-29634.9,0.8888888888888917,0.0,0.8888888888888917,-20500.523559999903,0.0008000000000000229,1
2026-05-15 17:25:00,0.255,0.2561,0.255,0.2561,219297.7,0.254069665262771,0.2543611960824173,66.41069842871555,0.0006592459545225471,0.00046503630094328223,0.0010146203080992106,0.00431372549019593,211117.2,0.916666666666666,0.0,0.916666666666666,-20259.296089999905,0.0010999999999999899,1
2026-05-15 17:30:00,0.2561,0.2562,0.2557,0.256,9665.9,0.25425350666631663,0.25442546290271467,65.44159369199443,0.0007256097265943562,0.000517150986073497,0.0009778617146635527,-0.00039047247169066157,-209631.80000000002,0.5000000000000371,0.33333333333329634,0.16666666666674074,-20260.262679999905,0.0005000000000000004,1
2026-05-15 17:35:00,0.256,0.2561,0.2556,0.2559,27167.2,0.25441031555523885,0.2544832878869219,64.42908372485948,0.0007613578702221901,0.0005659923629032356,0.0009437287350447276,-0.0003906249999999778,17501.300000000003,0.5000000000000371,0.33333333333329634,0.16666666666674074,-20262.979399999906,0.0005000000000000004,1
2026-05-15 17:40:00,0.256,0.256,0.2554,0.2555,84012.5,0.2545140950261685,0.2545231589501799,60.403297037718666,0.0007487804001844456,0.0006025499703594776,0.0009191766825415319,-0.0015631105900743014,56845.3,0.14285714285712928,0.7142857142857256,-0.5714285714285964,-20304.985649999904,0.0005999999999999894,1
2026-05-15 17:45:00,0.2555,0.2557,0.2552,0.2555,17462.4,0.254607990737962,0.25456146644232974,60.403297037718666,0.0007303931470188929,0.0006281186056913607,0.0008892354909314225,0.0,-66550.1,0.5000000000000371,0.33333333333329634,0.16666666666674074,-20304.985649999904,0.0005000000000000004,1
2026-05-15 17:50:00,0.2556,0.2558,0.2551,0.2557,29802.0,0.2547119916200608,0.25460611481714035,61.78785023407689,0.0007236180267664594,0.0006472184899063804,0.000875718670150609,0.0007827788649705791,12339.599999999999,0.7499999999999549,0.12500000000005032,0.6249999999999046,-20302.005449999906,0.0007000000000000339,1
2026-05-15 17:55:00,0.2557,0.2561,0.2557,0.256,22672.5,0.25483465908481695,0.25466077698117406,63.83083463424843,0.0007339951487707608,0.0006645738216792565,0.0008417387651398521,0.001173249902229223,-7129.5,0.6000000000000312,0.19999999999997337,0.4000000000000578,-20295.203699999907,0.00040000000000001146,1
2026-05-15 18:00:00,0.256,0.2568,0.2557,0.2558,39356.7,0.2549265963148344,0.25470545239367703,61.47128406905255,0.000717806339528948,0.0006752203252491949,0.0008601859962012905,-0.0007812499999999556,16684.199999999997,0.08333333333337112,0.8333333333332948,-0.7499999999999237,-20303.075039999905,0.0010999999999999899,1
2026-05-15 18:05:00,0.2557,0.2558,0.2553,0.2555,12431.4,0.25498120618961206,0.2547366111233368,58.00743944166495,0.0006730110463675776,0.0006747784694728715,0.0008344584250440555,-0.0011727912431588328,-26925.299999999996,0.33333333333329634,0.5000000000000371,-0.16666666666674074,-20305.561319999906,0.0005000000000000004,1
2026-05-15 18:10:00,0.2553,0.2562,0.2552,0.2561,21086.9,0.2550877579810776,0.25479007735379416,62.55235023580001,0.0006781086252711788,0.000675444500632533,0.0008462828232551944,0.0023483365949119595,8655.500000000002,0.8181818181818283,0.09090909090908082,0.7272727272727475,-20288.691799999906,0.0010000000000000009,1
2026-05-15 18:15:00,0.256,0.256,0.255,0.2552,17968.2,0.25509844769716544,0.2548061527516846,53.243509088848896,0.0006025798494803114,0.0006608715704020888,0.0008644054787369655,-0.0035142522452167313,-3118.7000000000007,0.18181818181816164,0.7272727272727475,-0.5454545454545858,-20303.066359999906,0.0010000000000000009,1
2026-05-15 18:20:00,0.2553,0.2566,0.2553,0.2563,13842.1,0.25521288124981634,0.2548647349967166,60.90197327367185,0.0006242871636101821,0.0006535546890437075,0.0009026622302557546,0.004310344827586077,-4126.1,0.7142857142856917,0.21428571428573526,0.49999999999995637,-20289.224259999908,0.0012999999999999678,1
2026-05-15 18:25:00,0.2562,0.2565,0.256,0.2564,16143.6,0.25532594017840526,0.2549249414674336,61.519047751896174,0.0006421571429016115,0.0006512751798152883,0.0008739006423803436,0.00039016777214229137,2301.5,0.6666666666666852,0.16666666666664817,0.500000000000037,-20285.99553999991,0.0005000000000000004,1
2026-05-15 18:30:00,0.2565,0.2567,0.2559,0.2564,21160.9,0.25542823158998573,0.2549827869000833,61.51904775189618,0.0006488398088090874,0.0006507881056140481,0.0008686220250674596,0.0,5017.300000000001,0.5555555555555761,0.33333333333330867,0.22222222222226745,-20288.11162999991,0.0007999999999999674,1
2026-05-15 18:35:00,0.2565,0.2572,0.2564,0.2572,35817.8,0.25559697143855853,0.25506973643341335,66.43422099788464,0.0007104989936789763,0.0006627302832270338,0.000863720451848353,0.0031201248049921304,14656.900000000001,0.8888888888888848,0.0,0.8888888888888848,-20263.03916999991,0.0007999999999999674,1
2026-05-15 18:40:00,0.257,0.2574,0.2565,0.2572,54358.2,0.2557496408253625,0.25515327618112266,66.43422099788464,0.000750710617224537,0.0006803263500265344,0.0008663118481449002,0.0,18540.399999999994,0.6999999999999701,0.2000000000000311,0.499999999999939,-20252.16752999991,0.0009000000000000119,1
2026-05-15 18:45:00,0.2572,0.2572,0.2563,0.257,17181.1,0.25586872265151844,0.2552256967230394,64.06174851907926,0.000757705927783292,0.000695802265577886,0.0008687181447059796,-0.0007776049766717863,-37177.1,0.7000000000000256,0.1999999999999756,0.50000000000005,-20255.60374999991,0.0009000000000000119,1
2026-05-15 18:50:00,0.2571,0.2572,0.2566,0.2571,11779.1,0.25598598716089765,0.255299198812332,64.73977874878494,0.0007625289667934076,0.0007091476058209903,0.0008495239915126946,0.00038910505836575737,-5401.999999999998,0.7142857142857256,0.14285714285712928,0.5714285714285964,-20255.60374999991,0.0005999999999999894,1
2026-05-15 18:55:00,0.257,0.2571,0.2566,0.2566,4255.8,0.2560444645741455,0.25535021062361307,58.769447726935866,0.0007177318723791681,0.0007108644591326259,0.0008245579921189307,-0.00194476857253989,-7523.3,0.0,0.8333333333333334,-0.8333333333333334,-20257.30606999991,0.0005000000000000004,1
2026-05-15 19:00:00,0.2566,0.2568,0.2559,0.256,40201.1,0.2560402298527983,0.25537569255994197,52.51129885439742,0.0006265919052753643,0.0006940099483611737,0.0008299467069675754,-0.002338269680436489,35945.299999999996,0.09999999999999334,0.8000000000000023,-0.700000000000009,-20281.426729999912,0.0008999999999999564,1
2026-05-15 19:05:00,0.256,0.2562,0.2559,0.2559,11265.5,0.25602687462872226,0.2553962536360227,51.526475919263106,0.0005400680916723966,0.0006632215770234183,0.0007920933707556034,-0.0003906249999999778,-28935.6,0.0,0.7499999999999793,-0.7499999999999793,-20282.553279999913,0.00029999999999996696,1
2026-05-15 19:10:00,0.2558,0.2559,0.2556,0.2557,7936.7,0.2559957437117011,0.2554081652581395,49.52591145841313,0.00045016974093875506,0.0006206112098064856,0.0007569438442730619,-0.0007815552950372062,-3328.8,0.24999999999995842,0.5000000000000556,-0.2500000000000972,-20283.346949999912,0.00030000000000002247,1
2026-05-15 19:15:00,0.2558,0.2561,0.2557,0.2561,4634.2,0.25600567288201526,0.2554352960323301,53.42107957371283,0.00040651525257545673,0.0005777920183602799,0.0007314478553964155,0.0015643332029722234,-3302.5,0.8000000000000045,0.0,0.8000000000000045,-20281.95668999991,0.00040000000000001146,1
2026-05-15 19:20:00,0.256,0.2564,0.256,0.2562,1181.8,0.25602418022658524,0.25546528442321914,54.36915079674676,0.0003756575736290624,0.0005373651294140364,0.0007077730085823866,0.0003904724716907726,-3452.3999999999996,0.39999999999994673,0.40000000000005775,-1.1102230246251565e-13,-20281.720329999913,0.00040000000000001146,1
2026-05-15 19:25:00,0.2561,0.2562,0.2559,0.2559,12799.6,0.256012353538339,0.25548233209289684,51.014472460685,0.00032326870751853143,0.0004945458450349355,0.0006786463651122138,-0.0011709601873535203,11617.800000000001,0.0,0.7499999999999793,-0.7499999999999793,-20284.280249999912,0.00029999999999996696,1
2026-05-15 19:30:00,0.2559,0.2565,0.2558,0.2562,35925.7,0.25603022462992575,0.25551047593239107,54.06665887074648,0.0003024709496539657,0.0004561308659587415,0.000680171624747054,0.0011723329425554763,23126.1,0.49999999999995837,0.3750000000000382,0.12499999999992017,-20273.502539999914,0.0006999999999999784,1
2026-05-15 19:35:00,0.2561,0.2564,0.2558,0.2563,22123.8,0.25605591752231377,0.2555414376605326,55.07157063411485,0.00029070665560448905,0.00042304602388789107,0.0006744450801222637,0.0003903200624510994,-13801.899999999998,0.7142857142856464,0.14285714285720857,0.5714285714284377,-20269.077779999916,0.0005999999999999894,1
2026-05-15 19:40:00,0.2563,0.2563,0.2557,0.2557,8687.6,0.2560220206154267,0.25554765579149213,48.25070505250529,0.00023031347188362528,0.00038449951348703794,0.000669127574399244,-0.002341006632852083,-13436.199999999999,0.0,0.8571428571428549,-0.8571428571428549,-20274.290339999916,0.0005999999999999894,1
2026-05-15 19:45:00,0.2558,0.256,0.2557,0.256,33990.2,0.2560199234139575,0.2555653947800611,51.48613912289546,0.00020430384393271828,0.000348460379576174,0.0006427613190850139,0.001173249902229223,25302.6,0.7500000000000141,0.0,0.7500000000000141,-20267.492299999918,0.00030000000000002247,1
2026-05-15 19:50:00,0.256,0.256,0.2552,0.2554,20035.2,0.2559608830888187,0.2555589087102548,45.37577796419829,0.00013373443349895542,0.0003055151903607303,0.0006539926534360859,-0.002343749999999978,-13954.999999999996,0.22222222222225377,0.6666666666666379,-0.44444444444438413,-20279.51341999992,0.0008000000000000229,1
2026-05-15 19:55:00,0.2553,0.2555,0.2547,0.2555,67746.2,0.25591698946131214,0.2555565985647546,46.51508633071271,8.489817821899504e-05,0.00026139178793238327,0.0006644217496192242,0.00039154267815177946,47711.0,0.8888888888888917,0.0,0.8888888888888917,-20265.96417999992,0.0008000000000000229,1
2026-05-15 20:00:00,0.2555,0.2556,0.255,0.2552,18274.3,0.255848704750711,0.25554261430731323,43.57855407040963,2.1737030313384587e-05,0.00021346083640858354,0.0006598201960749931,-0.0011741682974560907,-49471.899999999994,0.28571428571425855,0.5714285714285964,-0.2857142857143378,-20271.44646999992,0.0005999999999999894,1
2026-05-15 20:05:00,0.2551,0.2556,0.2549,0.2553,18344.1,0.25579644715540517,0.2555331000207519,44.82886011445418,-2.0018706995195146e-05,0.00016676492772782782,0.0006626901820696349,0.0003918495297807745,69.79999999999927,0.5000000000000278,0.3749999999999688,0.12500000000005895,-20267.77764999992,0.0006999999999999784,1
2026-05-15 20:10:00,0.2552,0.2553,0.2549,0.255,107619.0,0.2557205950453666,0.2555121941375852,41.833801099963594,-7.643680651620022e-05,0.00011812458087902222,0.0006439265976360904,-0.001175088131609936,89274.9,0.19999999999997337,0.6000000000000312,-0.4000000000000578,-20289.30144999992,0.00040000000000001146,1
2026-05-15 20:15:00,0.2549,0.2555,0.2548,0.2552,28964.7,0.25567101456485547,0.2554999512302289,44.49614562581309,-0.0001038135305680421,7.373695858960936e-05,0.0006479318406620824,0.0007843137254901489,-78654.3,0.49999999999995837,0.3750000000000382,0.12499999999992017,-20280.61203999992,0.0006999999999999784,1
2026-05-15 20:20:00,0.2551,0.2555,0.2549,0.2554,31124.9,0.25564520365391685,0.25549603157414147,47.10352935375394,-0.00010812505476176515,3.7364555919334455e-05,0.0006445081377576472,0.0007836990595613269,2160.2000000000007,0.7142857142857256,0.14285714285712928,0.5714285714285964,-20271.274569999918,0.0005999999999999894,1
2026-05-15 20:25:00,0.2555,0.2559,0.2555,0.2559,7037.3,0.25566946997259143,0.25551187347319476,53.04250349984405,-7.038479531512598e-05,1.581468567244237e-05,0.0006341861279178154,0.0019577133907595634,-24087.600000000002,0.8000000000000045,0.0,0.8000000000000045,-20268.459649999917,0.00040000000000001146,1
2026-05-15 20:30:00,0.256,0.256,0.2551,0.2553,42810.4,0.25563428235615415,0.25550356470954005,46.32151133969125,-8.787735791027096e-05,-4.9237230441002965e-06,0.0006531728330665436,-0.0023446658851112856,35773.1,0.2000000000000311,0.6999999999999701,-0.499999999999939,-20298.426929999918,0.0009000000000000119,1
2026-05-15 20:35:00,0.2553,0.2553,0.2548,0.2551,41073.8,0.2555833983222347,0.2554877386424993,44.30622148786741,-0.0001165353216767695,-2.7246042770634138e-05,0.0006422319164189333,-0.0007833920877400313,-1736.5999999999985,0.49999999999994454,0.3333333333333889,0.16666666666655566,-20306.64168999992,0.0005000000000000004,1
2026-05-15 20:40:00,0.2552,0.2553,0.2551,0.2553,5923.4,0.2555564080058314,0.25548037634279347,46.798866131553794,-0.00012170568848324237,-4.613797191315579e-05,0.0006106439223890119,0.0007840062720503305,-35150.4,0.6666666666667039,0.0,0.6666666666667039,-20306.04934999992,0.00020000000000003348,1
2026-05-15 20:45:00,0.255,0.255,0.2533,0.2536,78887.9,0.2553700834338475,0.25540663609405645,33.19794114293687,-0.0002599821218674525,-8.890680190401513e-05,0.0007098836422183683,-0.006658832745789378,72964.5,0.16666666666665023,0.7777777777777936,-0.6111111111111434,-20416.492409999923,0.0016999999999999793,1
2026-05-15 20:50:00,0.2537,0.2541,0.2537,0.2541,14395.7,0.2552491231068144,0.25535539546291697,38.82893344483979,-0.0003254695597397772,-0.00013621935347116757,0.0006948919534884849,0.0019716088328076697,-64492.2,0.8000000000000045,0.0,0.8000000000000045,-20410.73412999992,0.00040000000000001146,1
2026-05-15 20:55:00,0.2541,0.2543,0.254,0.2543,5239.3,0.25515873042997494,0.25531400740554766,40.97229605767504,-0.00035711391066833853,-0.00018039826491060177,0.0006666853853821662,0.0007870916961827401,-9156.400000000001,0.7500000000000141,0.0,0.7500000000000141,-20409.686269999922,0.00030000000000002247,1
2026-05-15 21:00:00,0.2544,0.2546,0.2544,0.2545,7117.1,0.2550959941985488,0.2552820855465066,43.11866350805663,-0.00036188240315460085,-0.0002166950925594016,0.0006404935721405805,0.0007864726700745894,1877.8000000000002,0.3333333333333211,0.3333333333333211,0.0,-20408.974559999922,0.00019999999999997797,1
2026-05-15 21:05:00,0.2544,0.2548,0.2544,0.2548,8782.4,0.25506780427487746,0.25526318023095734,46.27443203851367,-0.0003375627616192811,-0.0002408686263713775,0.0006233154598448256,0.0011787819253439302,1665.2999999999993,0.8000000000000045,0.0,0.8000000000000045,-20405.461599999922,0.00040000000000001146,1
2026-05-15 21:10:00,0.2549,0.2549,0.2543,0.2543,136672.6,0.25499468005822246,0.2552254084571943,42.08376313456221,-0.0003545480822213509,-0.0002636045175413722,0.0006216500698559087,-0.00196232339089486,127890.20000000001,0.0,0.8571428571428549,-0.8571428571428549,-20487.46515999992,0.0005999999999999894,1
2026-05-15 21:15:00,0.2542,0.2551,0.254,0.2551,51412.8,0.2550047105288679,0.25522049047848083,49.901353519382184,-0.00029999757178456044,-0.00027088312839000986,0.0006558179220090573,0.003145890680298802,-85259.8,0.916666666666666,0.0,0.916666666666666,-20441.193639999918,0.0010999999999999899,1
2026-05-15 21:20:00,0.2551,0.2552,0.2548,0.2548,18053.8,0.25498521428802334,0.2552040006557953,47.32177048785733,-0.00027777141606583067,-0.00027226078592517403,0.0006375452132941215,-0.0011760094080751626,-33359.0,0.0,0.7999999999999823,-0.7999999999999823,-20446.60977999992,0.00039999999999995595,1
2026-05-15 21:25:00,0.2549,0.2555,0.2549,0.2553,11973.5,0.25501519387964017,0.2552077653359602,51.794448879645074,-0.00021730623519139458,-0.00026126987577841816,0.000642006269487397,0.001962323390894749,-6080.299999999999,0.5714285714285964,0.28571428571425855,0.2857142857143378,-20441.820379999917,0.0005999999999999894,1
2026-05-15 21:30:00,0.2553,0.256,0.2553,0.2558,47729.7,0.25508993731967444,0.25523099022474605,55.832944630373234,-0.00012757076601410677,-0.0002345300538255559,0.0006461486788097243,0.0019584802193497453,35756.2,0.6250000000000174,0.24999999999997918,0.37500000000003825,-20417.955529999916,0.0006999999999999784,1
2026-05-15 21:35:00,0.256,0.2561,0.2558,0.2559,17418.2,0.2551670861463721,0.255257225902207,56.61577754091087,-4.7834193114382195e-05,-0.00019719088168332116,0.0006214237731804559,0.00039093041438609255,-30311.499999999996,0.24999999999999312,0.49999999999998623,-0.24999999999999312,-20419.697349999915,0.00029999999999996696,1
2026-05-15 21:40:00,0.256,0.2564,0.2559,0.2562,24851.2,0.25526545889433666,0.2552941974354538,58.96554680240565,3.9114223751357535e-05,-0.00014992986059638542,0.0006127506465247091,0.0011723329425554763,7433.0,0.49999999999994454,0.3333333333333889,0.16666666666655566,-20414.727109999916,0.0005000000000000004,1
